N,P,K,ph,crop
81.83,38.11,41.69,7.26,rice
73.76,46.5,47.04,5.63,rice
84.5,38.22,40.45,6.83,rice
85.64,43.69,43.22,6.24,rice
68.29,35.33,29.75,6.37,rice
72.19,38.97,39.76,5.87,rice
80.77,35.25,35.78,6.23,rice
78.1,38.3,33.91,7.05,rice
79.9,44.2,35.61,6.69,rice
74.88,31.36,38.33,7.27,rice
85.28,42.17,44.58,6.99,rice
84.67,41.19,33.37,6.62,rice
80.4,37.03,40.15,7.27,rice
86.76,32.77,37.58,6.62,rice
82.81,40.36,38.36,6.81,rice
74.84,37.35,45.01,6.25,rice
82.21,41.16,42.69,6.43,rice
74.25,40.11,46.69,6.05,rice
85.27,48.01,39.23,6.89,rice
79.7,38.8,36.52,5.81,rice
78.89,34.88,38.88,6.79,rice
75.91,40.9,41.21,6.3,rice
87.34,41.1,40.88,6.99,rice
79.07,46.8,34.58,6.78,rice
77.43,44.18,40.45,7.31,rice
77.89,41.78,41.14,6.77,rice
83.19,47.32,52.59,5.61,rice
82.19,34.06,49.38,6.37,rice
82.48,36.8,35.73,5.81,rice
82.58,35.37,38.56,6.14,rice
92.85,38.05,32.68,7.16,rice
77.56,33.12,37.05,6.72,rice
76.93,43.18,41.58,6.05,rice
75.12,38.89,46.03,5.89,rice
83.7,32.65,36.35,6.42,rice
86.77,34.92,36.73,5.79,rice
79.32,41.57,29.26,6.06,rice
74.96,44.19,39.19,6.56,rice
75.05,49.98,34.69,6.98,rice
83.9,54.57,37.35,6.7,rice
84.46,42.07,35.62,5.25,rice
83.26,35.05,39.53,6.55,rice
76.01,29.34,31.21,6.44,rice
81.39,41.34,32.66,6.61,rice
80.7,35.94,50.65,7.21,rice
81.31,37.92,33.56,5.37,rice
85.23,36.94,34.52,6.1,rice
81.34,39.3,49.18,6.7,rice
84.07,45.33,54.53,5.61,rice
80.41,40.79,34.14,7.14,rice
81.73,39.21,38.16,6.58,rice
83.79,34.82,41.71,6.82,rice
71.26,31.63,48.64,6.11,rice
78.08,37.57,35.07,6.81,rice
77.18,39.73,38.77,6.93,rice
76.17,48.84,43.89,6.52,rice
78.35,40.65,42.17,6.52,rice
88.97,44.91,38.12,6.54,rice
74.81,37.5,39.33,5.97,rice
85.81,34.08,33.13,6.33,rice
69.9,35.17,38.81,6.32,rice
77.99,36.37,38.67,6.59,rice
80.98,50.64,41.16,6.9,rice
83.52,35.89,37.22,5.87,rice
84.27,44.19,42.36,6.34,rice
84.76,35.49,45.06,7.14,rice
77.91,44.66,40.78,6.03,rice
77.23,41.92,41.76,5.99,rice
85.15,39.22,40.27,6.5,rice
78.85,39.8,40.0,6.82,rice
72.35,36.73,36.39,6.41,rice
73.2,42.23,41.58,7.06,rice
74.48,37.73,39.51,6.83,rice
82.98,33.87,50.47,6.82,rice
80.85,33.61,47.87,6.68,rice
84.14,40.86,41.93,7.56,rice
77.44,47.9,36.18,6.3,rice
80.95,40.8,34.44,5.4,rice
83.75,39.41,45.96,7.2,rice
78.14,41.43,41.31,6.17,rice
82.74,46.53,42.4,6.45,rice
76.03,41.1,31.28,7.05,rice
77.82,37.95,44.64,5.6,rice
77.71,45.53,42.27,5.77,rice
72.82,42.14,34.45,5.6,rice
82.92,47.68,37.64,6.0,rice
77.18,40.92,41.32,6.62,rice
80.07,33.88,40.26,6.66,rice
82.88,33.16,38.54,6.54,rice
82.68,48.25,39.48,5.69,rice
83.99,48.62,38.74,5.24,rice
79.41,39.1,40.76,6.43,rice
77.46,38.08,47.36,6.16,rice
79.52,47.31,27.17,6.63,rice
69.88,34.46,38.82,6.75,rice
71.32,35.53,40.88,6.47,rice
72.06,43.22,41.48,6.78,rice
74.02,38.03,38.14,6.51,rice
82.4,39.97,31.22,6.67,rice
74.57,39.18,41.64,6.05,rice
75.92,54.82,22.06,6.76,maize
78.18,52.48,17.69,6.08,maize
81.92,44.4,25.1,5.68,maize
74.64,40.49,17.49,6.17,maize
80.13,33.18,17.45,6.72,maize
75.4,45.28,22.16,5.71,maize
76.29,60.1,23.05,5.74,maize
81.98,50.17,21.79,6.48,maize
65.04,45.2,13.26,6.09,maize
69.22,50.33,22.15,6.52,maize
68.11,40.2,15.86,6.19,maize
63.0,46.51,20.94,6.55,maize
72.93,48.5,14.31,5.68,maize
81.5,47.57,21.79,6.19,maize
75.29,51.95,16.77,6.09,maize
78.19,49.72,14.87,5.59,maize
83.54,51.34,22.86,5.42,maize
84.97,44.56,20.97,6.54,maize
76.59,52.49,17.54,6.02,maize
85.12,56.14,25.8,5.69,maize
77.55,43.15,18.24,6.15,maize
71.98,43.56,20.13,6.76,maize
73.43,54.68,21.08,5.06,maize
68.12,47.04,17.52,5.45,maize
71.67,55.02,21.88,5.74,maize
74.85,45.79,17.87,6.93,maize
81.82,55.28,18.35,6.34,maize
87.32,48.66,25.45,6.58,maize
68.71,49.29,15.84,5.63,maize
79.36,55.82,10.35,5.64,maize
70.76,46.19,26.44,6.42,maize
79.85,43.29,30.2,6.23,maize
76.21,45.76,18.38,6.47,maize
66.01,50.26,12.25,6.11,maize
82.57,40.17,18.76,6.34,maize
73.37,51.19,18.86,6.28,maize
73.8,45.31,19.24,6.59,maize
70.58,53.74,15.55,6.6,maize
73.07,36.03,22.32,5.39,maize
79.57,44.07,22.1,5.08,maize
75.86,39.57,14.02,6.7,maize
78.97,43.87,22.8,6.79,maize
79.17,49.24,28.21,5.69,maize
84.92,47.1,20.69,5.27,maize
74.94,46.73,18.65,6.25,maize
68.14,47.2,19.43,6.67,maize
83.4,49.02,22.46,7.1,maize
75.01,42.96,13.08,6.46,maize
83.69,51.53,20.66,6.01,maize
79.3,51.31,18.44,5.75,maize
76.21,49.93,27.39,6.21,maize
79.09,50.78,19.3,6.05,maize
88.71,49.48,26.67,5.69,maize
89.46,58.18,15.59,7.22,maize
77.42,47.56,22.35,7.09,maize
77.96,46.46,21.28,6.77,maize
83.46,44.23,16.52,5.74,maize
71.93,42.84,20.71,6.63,maize
79.0,41.78,24.85,6.52,maize
76.84,43.56,18.7,6.42,maize
78.88,47.65,13.23,6.82,maize
72.0,49.67,19.93,6.52,maize
67.46,48.26,16.39,6.57,maize
64.56,44.17,18.63,6.52,maize
70.3,52.5,19.67,6.37,maize
74.25,51.7,13.18,5.31,maize
75.24,47.2,13.54,6.24,maize
88.62,44.74,21.93,5.92,maize
83.64,50.74,17.91,5.56,maize
71.23,48.94,9.74,7.04,maize
79.09,40.76,23.14,7.06,maize
74.56,47.66,21.09,6.88,maize
75.29,49.31,17.14,6.33,maize
78.11,43.5,14.73,6.88,maize
80.72,48.95,23.34,6.21,maize
74.96,40.73,21.4,6.3,maize
83.38,54.68,29.53,5.65,maize
70.15,54.24,21.68,6.4,maize
77.04,46.74,21.55,6.23,maize
92.59,49.82,19.33,5.55,maize
78.34,35.95,23.27,6.17,maize
85.6,42.22,22.5,6.16,maize
77.55,46.53,25.01,7.1,maize
80.48,42.64,17.91,6.65,maize
76.66,51.57,18.26,6.21,maize
75.98,57.99,18.08,6.32,maize
72.32,42.12,23.16,6.22,maize
79.58,43.81,25.99,6.1,maize
71.89,49.18,18.16,5.66,maize
80.99,56.06,18.3,6.12,maize
83.51,41.89,21.26,5.83,maize
79.2,49.25,19.02,5.57,maize
75.28,57.11,23.81,6.46,maize
79.72,39.74,10.99,6.4,maize
75.15,41.59,16.69,5.31,maize
82.61,45.88,16.87,6.14,maize
66.01,45.4,10.72,6.7,maize
74.99,52.06,16.15,6.73,maize
65.06,49.21,16.34,6.71,maize
68.03,39.13,19.2,6.22,maize
35.77,69.95,79.7,7.55,chickpea
34.58,68.51,76.35,7.35,chickpea
41.72,67.26,77.93,7.34,chickpea
41.9,75.94,83.17,7.31,chickpea
46.44,64.89,80.01,6.66,chickpea
45.5,78.3,81.7,7.38,chickpea
39.34,66.87,83.35,6.56,chickpea
33.78,61.61,78.13,6.78,chickpea
38.4,68.35,83.78,7.62,chickpea
41.09,62.62,81.89,7.44,chickpea
38.99,64.24,73.83,7.69,chickpea
37.11,69.99,87.21,6.99,chickpea
41.26,70.78,77.5,6.64,chickpea
37.48,64.89,71.72,7.0,chickpea
36.86,72.94,74.77,7.14,chickpea
41.56,73.79,74.89,7.13,chickpea
37.99,75.18,80.26,7.55,chickpea
41.22,70.65,78.63,6.96,chickpea
41.37,74.82,78.32,7.24,chickpea
34.3,58.6,83.1,6.7,chickpea
37.59,66.41,81.7,7.28,chickpea
47.19,63.66,81.58,7.1,chickpea
34.19,68.6,82.05,6.8,chickpea
29.42,65.14,83.08,7.01,chickpea
30.69,67.17,69.46,7.03,chickpea
40.15,77.41,78.18,6.99,chickpea
40.15,67.15,69.1,7.81,chickpea
39.41,70.07,80.18,7.06,chickpea
46.07,66.84,79.98,7.0,chickpea
26.64,68.38,85.23,6.26,chickpea
41.98,68.03,85.94,6.74,chickpea
47.81,70.24,81.01,6.99,chickpea
34.36,73.83,77.5,6.83,chickpea
38.1,76.24,82.43,7.65,chickpea
36.24,69.55,77.36,7.03,chickpea
35.53,70.95,79.99,7.62,chickpea
38.37,62.25,84.93,7.12,chickpea
47.14,67.56,77.21,7.11,chickpea
49.19,72.7,84.03,7.06,chickpea
38.32,72.33,83.39,7.1,chickpea
49.53,69.06,75.23,7.79,chickpea
40.18,72.43,84.87,6.17,chickpea
48.77,70.45,83.49,6.3,chickpea
39.53,74.0,80.51,6.88,chickpea
40.66,69.45,76.19,7.11,chickpea
41.83,66.22,75.7,7.38,chickpea
55.89,69.68,77.31,7.29,chickpea
44.26,53.35,82.71,6.95,chickpea
36.46,69.91,75.22,7.51,chickpea
44.84,49.76,82.19,7.51,chickpea
38.19,59.38,73.79,7.17,chickpea
37.55,70.26,78.98,7.49,chickpea
44.54,70.39,80.55,7.21,chickpea
40.16,62.19,92.23,6.88,chickpea
41.39,64.44,73.11,7.38,chickpea
40.07,74.85,87.36,7.14,chickpea
41.68,65.58,80.75,7.1,chickpea
42.12,79.21,82.06,7.69,chickpea
30.32,67.99,80.59,6.12,chickpea
43.33,70.04,82.22,6.53,chickpea
35.09,76.08,79.23,6.63,chickpea
32.79,68.66,87.27,6.95,chickpea
39.71,62.99,77.72,7.0,chickpea
40.42,67.45,85.66,6.5,chickpea
36.53,67.82,76.78,6.71,chickpea
44.16,61.18,79.7,6.76,chickpea
33.29,66.72,74.64,8.08,chickpea
37.97,64.29,82.28,7.82,chickpea
37.08,72.62,87.23,6.94,chickpea
39.77,68.17,79.61,6.95,chickpea
41.39,66.59,79.02,6.64,chickpea
34.96,67.47,74.43,6.34,chickpea
43.62,69.12,78.85,7.05,chickpea
40.32,71.08,72.04,6.7,chickpea
30.54,63.0,75.44,7.07,chickpea
30.21,62.79,81.13,6.46,chickpea
39.94,73.52,86.6,6.8,chickpea
38.9,65.94,94.05,7.16,chickpea
39.48,60.92,77.07,7.25,chickpea
39.86,70.22,87.18,7.27,chickpea
41.13,70.32,81.22,6.57,chickpea
44.74,60.35,79.24,7.44,chickpea
34.44,69.15,82.16,6.78,chickpea
34.14,71.68,80.31,7.35,chickpea
34.53,69.87,80.55,7.1,chickpea
41.44,71.16,77.96,6.55,chickpea
46.22,60.98,73.01,6.97,chickpea
37.84,69.66,72.28,7.25,chickpea
27.49,66.49,83.27,7.35,chickpea
31.48,65.59,78.62,7.04,chickpea
35.83,72.35,77.02,7.71,chickpea
37.21,75.4,80.04,7.5,chickpea
37.96,76.97,83.97,7.0,chickpea
40.19,74.57,80.9,7.4,chickpea
38.44,67.45,76.72,7.87,chickpea
45.25,69.76,86.13,7.88,chickpea
36.62,71.83,87.9,6.61,chickpea
35.69,68.61,82.47,6.73,chickpea
42.39,68.65,84.87,7.69,chickpea
32.32,72.12,86.21,6.68,chickpea
14.71,67.27,24.73,5.42,kidneybeans
18.06,56.58,18.7,5.39,kidneybeans
21.68,70.07,19.18,6.36,kidneybeans
19.59,70.77,18.03,5.87,kidneybeans
17.4,65.74,17.68,5.59,kidneybeans
17.3,54.6,22.78,5.95,kidneybeans
17.15,62.02,21.02,4.65,kidneybeans
16.48,73.16,22.61,5.68,kidneybeans
29.13,53.11,19.96,6.7,kidneybeans
21.19,65.26,22.05,5.77,kidneybeans
23.55,61.1,18.32,5.73,kidneybeans
18.04,71.02,28.92,5.97,kidneybeans
19.26,63.62,13.73,6.15,kidneybeans
17.15,69.02,25.04,4.7,kidneybeans
9.39,69.83,25.47,4.86,kidneybeans
14.49,76.18,16.59,5.81,kidneybeans
12.76,65.99,28.92,5.34,kidneybeans
11.0,68.88,23.98,6.36,kidneybeans
15.22,59.57,23.88,5.54,kidneybeans
25.3,72.95,20.11,4.73,kidneybeans
19.82,63.2,19.13,5.07,kidneybeans
25.16,64.2,19.16,4.33,kidneybeans
21.64,66.89,21.56,5.58,kidneybeans
23.13,59.19,25.6,5.61,kidneybeans
16.4,68.14,20.73,5.49,kidneybeans
22.1,71.84,16.35,6.24,kidneybeans
22.91,68.46,23.3,6.3,kidneybeans
17.69,59.06,23.68,5.61,kidneybeans
22.24,66.38,22.62,4.63,kidneybeans
22.26,70.71,22.98,6.01,kidneybeans
17.8,57.61,18.92,5.98,kidneybeans
15.51,61.63,16.28,5.85,kidneybeans
15.26,71.38,16.53,6.19,kidneybeans
20.35,68.35,13.46,5.12,kidneybeans
21.31,69.06,20.95,6.7,kidneybeans
16.83,76.3,19.67,5.22,kidneybeans
20.11,69.34,18.24,6.07,kidneybeans
22.28,70.29,8.18,4.86,kidneybeans
22.47,80.55,15.01,5.23,kidneybeans
26.21,65.93,24.48,6.46,kidneybeans
25.11,63.01,17.34,5.57,kidneybeans
15.99,69.14,21.44,6.12,kidneybeans
26.73,69.19,14.44,5.82,kidneybeans
17.88,64.37,25.75,5.65,kidneybeans
24.18,61.84,19.42,6.38,kidneybeans
20.27,78.55,21.16,5.58,kidneybeans
18.35,68.63,29.3,4.81,kidneybeans
12.77,63.34,26.07,5.3,kidneybeans
19.31,71.58,18.77,5.98,kidneybeans
13.76,66.45,17.63,5.9,kidneybeans
23.87,65.74,18.7,4.92,kidneybeans
26.07,69.81,22.04,5.34,kidneybeans
16.81,60.54,19.58,5.41,kidneybeans
21.21,68.76,18.42,5.52,kidneybeans
17.1,76.56,25.87,5.01,kidneybeans
17.49,69.33,19.54,5.39,kidneybeans
23.1,65.12,29.2,5.34,kidneybeans
19.85,64.46,20.36,6.09,kidneybeans
26.96,64.95,27.14,6.1,kidneybeans
18.07,65.73,21.43,5.63,kidneybeans
24.0,65.11,23.85,5.5,kidneybeans
20.39,71.58,17.1,5.77,kidneybeans
23.18,58.33,16.58,5.29,kidneybeans
18.21,71.31,21.84,5.13,kidneybeans
19.8,65.1,23.95,5.23,kidneybeans
19.54,68.88,20.16,5.38,kidneybeans
16.66,61.37,14.85,5.12,kidneybeans
22.65,73.64,14.56,5.78,kidneybeans
22.6,73.23,14.29,6.06,kidneybeans
22.37,71.8,12.93,4.91,kidneybeans
26.15,59.43,20.44,5.71,kidneybeans
25.8,71.15,24.5,5.59,kidneybeans
18.5,69.02,19.95,5.87,kidneybeans
21.49,58.97,10.96,5.69,kidneybeans
17.51,66.88,19.24,4.97,kidneybeans
20.09,68.82,19.35,5.07,kidneybeans
17.6,69.78,28.38,5.71,kidneybeans
26.48,67.89,14.17,6.21,kidneybeans
21.45,68.46,18.44,4.59,kidneybeans
19.13,74.37,26.82,5.87,kidneybeans
24.77,73.13,21.8,6.29,kidneybeans
11.32,52.66,22.25,5.62,kidneybeans
11.94,65.41,20.46,5.98,kidneybeans
23.18,66.18,21.32,5.35,kidneybeans
20.24,58.24,23.11,5.64,kidneybeans
21.0,67.47,16.76,4.89,kidneybeans
14.69,73.24,23.51,4.53,kidneybeans
19.91,61.57,14.51,6.17,kidneybeans
28.01,68.68,21.31,5.21,kidneybeans
23.3,62.42,20.71,5.47,kidneybeans
20.68,63.64,17.53,5.01,kidneybeans
18.24,74.39,19.91,5.0,kidneybeans
18.42,64.29,17.51,5.61,kidneybeans
11.48,69.31,15.71,5.34,kidneybeans
21.03,57.64,18.59,5.89,kidneybeans
23.38,76.31,15.58,5.93,kidneybeans
13.7,70.01,21.29,5.86,kidneybeans
17.35,66.09,15.4,5.82,kidneybeans
15.37,69.88,22.85,6.49,kidneybeans
16.14,59.95,15.27,5.17,kidneybeans
19.78,61.36,19.84,5.52,pigeonpeas
24.53,64.53,21.77,6.34,pigeonpeas
25.06,67.71,18.78,6.1,pigeonpeas
14.31,55.37,18.36,5.73,pigeonpeas
18.75,68.18,20.37,6.11,pigeonpeas
25.43,76.51,12.32,5.22,pigeonpeas
22.03,64.73,21.91,5.82,pigeonpeas
20.78,68.3,20.0,5.87,pigeonpeas
19.13,72.12,20.16,5.57,pigeonpeas
18.46,66.18,23.84,6.02,pigeonpeas
21.15,64.1,12.19,5.41,pigeonpeas
18.99,55.62,12.1,6.05,pigeonpeas
19.83,70.2,21.1,6.08,pigeonpeas
20.31,66.43,19.97,4.34,pigeonpeas
17.29,61.94,20.68,6.4,pigeonpeas
22.13,67.63,18.15,4.28,pigeonpeas
31.66,64.08,22.66,5.49,pigeonpeas
12.89,64.36,23.73,6.31,pigeonpeas
21.3,70.03,21.94,5.64,pigeonpeas
16.96,60.31,18.96,5.07,pigeonpeas
22.31,72.24,11.57,5.25,pigeonpeas
20.19,60.01,23.08,6.31,pigeonpeas
23.05,63.69,24.89,4.84,pigeonpeas
24.7,76.61,22.58,6.36,pigeonpeas
20.77,72.64,16.48,5.77,pigeonpeas
24.53,67.49,22.7,5.2,pigeonpeas
10.62,62.3,23.44,5.51,pigeonpeas
26.36,64.35,26.24,5.29,pigeonpeas
21.5,67.37,16.5,6.23,pigeonpeas
24.31,67.19,19.09,6.17,pigeonpeas
15.12,66.55,22.99,4.94,pigeonpeas
16.68,66.85,20.23,5.6,pigeonpeas
20.58,65.93,15.53,5.37,pigeonpeas
19.93,59.79,21.66,6.45,pigeonpeas
21.13,64.42,22.31,5.12,pigeonpeas
24.34,71.57,20.35,6.6,pigeonpeas
12.94,60.16,20.88,5.78,pigeonpeas
23.9,66.05,18.97,5.22,pigeonpeas
20.03,62.9,25.91,5.46,pigeonpeas
19.18,67.56,16.4,5.4,pigeonpeas
14.12,65.06,17.65,5.16,pigeonpeas
22.01,74.39,20.04,5.85,pigeonpeas
10.34,69.53,23.52,5.19,pigeonpeas
22.59,60.44,14.01,4.71,pigeonpeas
14.03,70.36,14.76,5.61,pigeonpeas
20.21,63.13,11.85,4.9,pigeonpeas
19.52,64.12,20.13,5.42,pigeonpeas
24.68,68.57,15.53,5.35,pigeonpeas
19.29,64.54,18.46,5.36,pigeonpeas
17.22,71.46,22.65,6.8,pigeonpeas
17.97,63.13,17.43,5.83,pigeonpeas
25.09,63.91,20.93,5.92,pigeonpeas
22.15,63.72,18.8,4.91,pigeonpeas
18.46,64.17,22.69,5.47,pigeonpeas
19.05,72.5,21.9,5.91,pigeonpeas
13.73,70.14,17.23,5.29,pigeonpeas
21.55,75.55,19.33,6.25,pigeonpeas
12.96,78.34,24.17,5.2,pigeonpeas
23.01,61.85,21.57,5.66,pigeonpeas
20.51,67.35,14.41,5.51,pigeonpeas
29.55,61.12,22.62,5.88,pigeonpeas
15.6,63.11,15.66,5.48,pigeonpeas
19.59,63.85,25.65,5.66,pigeonpeas
27.19,61.71,24.1,5.68,pigeonpeas
24.77,61.74,21.16,5.43,pigeonpeas
17.22,66.28,20.63,6.04,pigeonpeas
20.9,60.92,19.16,5.92,pigeonpeas
20.01,71.21,22.71,5.76,pigeonpeas
21.13,62.41,18.52,5.58,pigeonpeas
17.21,81.05,20.94,6.2,pigeonpeas
19.64,64.74,23.49,5.68,pigeonpeas
13.61,67.36,17.75,5.65,pigeonpeas
20.54,60.52,17.54,5.85,pigeonpeas
21.8,75.53,15.22,6.65,pigeonpeas
19.09,72.6,15.74,5.13,pigeonpeas
13.54,68.48,12.69,6.18,pigeonpeas
23.95,60.27,22.92,4.85,pigeonpeas
21.46,68.05,27.24,5.91,pigeonpeas
17.1,61.39,25.7,6.59,pigeonpeas
18.88,74.31,13.5,6.04,pigeonpeas
14.0,71.05,22.9,5.89,pigeonpeas
15.9,67.48,25.69,5.52,pigeonpeas
17.85,54.82,18.17,5.82,pigeonpeas
24.91,62.08,20.41,5.67,pigeonpeas
17.44,70.44,11.97,5.41,pigeonpeas
22.56,73.06,21.07,5.66,pigeonpeas
17.85,72.55,15.75,5.9,pigeonpeas
20.99,59.04,20.8,5.42,pigeonpeas
19.43,68.51,13.76,5.4,pigeonpeas
23.49,72.08,22.17,5.12,pigeonpeas
17.86,58.71,24.1,6.0,pigeonpeas
13.71,66.96,16.87,6.07,pigeonpeas
14.47,68.37,15.45,5.92,pigeonpeas
17.87,65.5,11.38,6.28,pigeonpeas
15.0,57.74,18.93,5.84,pigeonpeas
21.64,65.37,17.67,6.0,pigeonpeas
18.14,65.36,13.8,5.95,pigeonpeas
29.5,66.26,21.81,5.75,pigeonpeas
13.05,64.18,18.2,5.53,pigeonpeas
20.81,64.78,15.7,6.91,pigeonpeas
19.19,49.28,17.84,6.8,mothbeans
18.34,39.43,19.29,6.64,mothbeans
22.74,44.43,20.36,5.89,mothbeans
22.01,51.86,22.42,6.83,mothbeans
15.38,46.6,24.32,7.15,mothbeans
25.49,45.44,18.82,6.8,mothbeans
20.62,55.0,18.18,7.77,mothbeans
16.56,42.76,21.75,7.01,mothbeans
25.76,44.01,22.44,7.52,mothbeans
23.5,49.06,18.26,7.1,mothbeans
15.94,49.95,23.16,7.33,mothbeans
28.11,50.48,23.92,7.11,mothbeans
23.64,52.56,25.17,7.55,mothbeans
20.96,48.99,27.11,7.02,mothbeans
27.36,50.45,16.53,7.2,mothbeans
21.64,46.7,20.06,7.15,mothbeans
20.89,48.31,20.05,6.88,mothbeans
18.36,48.54,19.61,7.16,mothbeans
23.33,49.08,17.4,7.89,mothbeans
22.91,51.86,14.06,6.89,mothbeans
21.06,50.78,20.37,7.17,mothbeans
17.84,48.22,16.93,7.5,mothbeans
21.52,43.95,20.34,7.46,mothbeans
20.72,48.34,16.82,7.0,mothbeans
15.67,47.86,15.6,6.05,mothbeans
15.11,48.97,20.94,7.21,mothbeans
23.26,59.03,20.6,6.11,mothbeans
10.59,45.38,22.32,7.59,mothbeans
21.82,50.11,28.74,7.07,mothbeans
19.09,53.34,21.11,7.4,mothbeans
26.23,48.49,21.94,6.64,mothbeans
19.03,59.69,15.69,6.38,mothbeans
23.64,46.11,14.85,7.1,mothbeans
19.41,49.62,26.33,6.99,mothbeans
21.45,44.01,16.31,6.8,mothbeans
23.95,46.24,15.82,7.03,mothbeans
19.15,49.24,19.84,8.11,mothbeans
24.99,52.23,19.64,7.33,mothbeans
17.03,49.6,16.39,7.42,mothbeans
22.18,54.3,18.78,7.34,mothbeans
24.69,47.53,24.92,7.59,mothbeans
23.64,46.34,16.78,6.92,mothbeans
28.67,61.52,14.43,6.18,mothbeans
17.95,49.97,23.77,6.92,mothbeans
15.48,44.4,21.97,7.32,mothbeans
17.02,44.53,17.52,6.61,mothbeans
23.64,43.29,13.67,6.93,mothbeans
22.99,52.68,17.02,6.72,mothbeans
21.41,46.18,19.78,7.6,mothbeans
16.51,48.64,24.66,7.3,mothbeans
24.07,47.68,15.85,7.26,mothbeans
16.1,51.66,19.66,7.25,mothbeans
25.64,43.77,22.7,6.99,mothbeans
32.43,42.62,10.47,7.08,mothbeans
22.47,49.12,24.14,6.53,mothbeans
23.33,51.0,15.27,6.13,mothbeans
19.03,49.66,21.33,7.06,mothbeans
13.76,43.95,20.99,7.13,mothbeans
18.59,51.39,24.34,7.48,mothbeans
16.63,44.28,22.2,7.63,mothbeans
15.21,45.39,10.49,7.63,mothbeans
27.89,43.28,16.86,6.6,mothbeans
22.09,54.51,20.55,6.86,mothbeans
22.52,51.17,19.22,7.19,mothbeans
19.76,51.02,21.91,8.01,mothbeans
20.31,54.24,23.16,7.59,mothbeans
24.86,62.06,22.43,7.45,mothbeans
20.87,39.45,19.14,6.84,mothbeans
23.12,44.31,12.61,6.65,mothbeans
20.22,44.92,18.18,7.32,mothbeans
19.63,43.75,21.67,6.56,mothbeans
15.37,42.61,15.64,6.9,mothbeans
13.09,46.5,22.53,6.95,mothbeans
19.95,41.92,23.63,7.64,mothbeans
21.23,49.68,20.51,6.86,mothbeans
15.86,48.26,7.74,6.02,mothbeans
20.86,50.41,14.89,7.2,mothbeans
21.22,50.54,27.54,6.72,mothbeans
12.38,51.02,17.81,7.02,mothbeans
17.34,46.13,12.06,6.97,mothbeans
22.63,58.61,24.94,6.89,mothbeans
22.55,49.17,20.05,7.32,mothbeans
16.39,38.69,24.42,6.39,mothbeans
21.63,42.99,21.11,6.79,mothbeans
25.09,39.3,21.83,7.27,mothbeans
24.11,48.09,21.45,6.75,mothbeans
20.62,47.39,22.79,6.36,mothbeans
19.13,45.66,29.11,7.27,mothbeans
18.48,58.05,23.88,7.45,mothbeans
22.87,50.74,13.68,6.98,mothbeans
21.78,51.63,21.79,6.22,mothbeans
23.52,43.34,24.57,7.28,mothbeans
21.53,43.0,24.81,6.34,mothbeans
24.28,48.18,18.29,7.12,mothbeans
21.38,48.87,24.66,6.65,mothbeans
24.14,38.72,23.71,6.54,mothbeans
24.48,47.1,30.29,6.82,mothbeans
17.78,48.07,17.0,6.93,mothbeans
13.77,46.92,17.97,6.74,mothbeans
27.17,43.93,18.78,7.24,mothbeans
19.22,49.77,17.82,7.04,mungbean
24.92,48.24,25.65,6.26,mungbean
22.12,52.04,19.65,7.03,mungbean
18.21,49.42,20.82,7.17,mungbean
17.54,53.09,24.72,6.78,mungbean
14.41,51.6,16.41,6.63,mungbean
22.16,54.61,16.03,6.86,mungbean
19.58,48.79,19.21,5.56,mungbean
11.51,51.53,23.31,6.82,mungbean
18.86,45.46,14.68,6.65,mungbean
17.4,43.99,13.33,6.68,mungbean
27.3,55.53,23.29,6.98,mungbean
14.19,48.08,17.59,6.67,mungbean
15.23,51.02,18.43,6.24,mungbean
25.44,47.62,12.57,6.64,mungbean
26.43,44.07,17.28,6.73,mungbean
18.02,47.05,19.97,6.75,mungbean
18.47,54.18,23.72,6.76,mungbean
23.46,49.78,16.92,7.12,mungbean
11.69,38.44,26.63,6.27,mungbean
13.56,45.92,17.26,6.77,mungbean
19.88,55.91,17.27,7.22,mungbean
27.2,45.93,26.15,6.01,mungbean
19.26,38.0,20.85,6.77,mungbean
21.4,56.47,17.79,6.47,mungbean
25.54,50.41,19.38,6.55,mungbean
29.43,46.65,25.41,6.34,mungbean
18.69,45.14,25.86,6.63,mungbean
20.93,52.41,16.73,7.44,mungbean
28.29,44.29,19.83,6.19,mungbean
14.91,52.74,20.36,6.23,mungbean
25.11,49.71,16.06,6.18,mungbean
16.93,48.22,19.78,7.39,mungbean
21.41,47.73,20.02,6.52,mungbean
20.03,46.13,24.56,6.69,mungbean
17.17,52.23,24.83,6.54,mungbean
17.07,42.67,18.68,6.32,mungbean
22.11,38.89,19.14,6.61,mungbean
24.98,50.07,22.66,7.68,mungbean
20.48,50.16,17.66,7.26,mungbean
21.28,49.4,22.35,6.36,mungbean
23.28,49.04,19.65,6.96,mungbean
17.11,45.4,16.12,6.37,mungbean
23.96,50.94,16.17,5.99,mungbean
24.28,46.77,25.79,7.11,mungbean
31.41,44.56,19.37,7.16,mungbean
19.5,45.44,26.56,7.12,mungbean
19.17,57.1,17.95,6.51,mungbean
24.08,38.33,21.16,6.63,mungbean
24.28,49.5,29.57,7.0,mungbean
18.86,38.6,15.77,6.86,mungbean
19.39,46.46,12.41,6.54,mungbean
23.16,44.83,25.15,6.05,mungbean
17.69,36.57,16.69,6.75,mungbean
19.36,48.95,19.92,7.13,mungbean
21.36,45.1,17.66,6.22,mungbean
24.98,36.5,21.07,6.96,mungbean
18.58,51.2,16.2,6.83,mungbean
13.63,54.18,19.28,7.0,mungbean
13.33,54.45,21.8,7.05,mungbean
15.96,48.79,15.97,6.42,mungbean
15.75,47.23,17.2,6.05,mungbean
20.38,53.64,18.61,6.49,mungbean
16.24,55.41,14.28,7.06,mungbean
18.19,52.67,18.31,6.48,mungbean
17.9,42.29,20.48,6.42,mungbean
19.24,48.01,18.4,5.97,mungbean
26.29,49.2,18.91,7.4,mungbean
23.65,37.95,19.92,7.03,mungbean
21.06,49.35,17.38,7.01,mungbean
19.16,58.36,22.76,7.09,mungbean
19.27,50.2,25.74,6.93,mungbean
22.31,54.37,18.14,6.6,mungbean
23.34,47.91,21.94,6.63,mungbean
17.37,46.63,19.04,6.53,mungbean
21.15,48.91,21.46,7.75,mungbean
12.87,42.92,26.26,6.92,mungbean
21.85,42.18,22.03,6.51,mungbean
24.05,53.33,12.91,6.89,mungbean
19.88,53.86,21.82,6.3,mungbean
28.27,42.04,24.93,7.3,mungbean
17.48,51.84,19.11,6.44,mungbean
21.87,46.57,23.98,6.9,mungbean
20.86,48.7,17.24,7.13,mungbean
20.6,49.3,14.06,6.85,mungbean
20.54,51.97,20.56,6.74,mungbean
21.43,47.41,12.97,6.7,mungbean
24.39,54.05,19.04,6.68,mungbean
26.51,48.55,25.15,6.47,mungbean
20.99,50.12,12.36,6.52,mungbean
24.26,42.83,14.88,7.29,mungbean
18.19,57.79,15.87,6.66,mungbean
24.06,49.35,19.75,6.39,mungbean
17.95,50.56,18.54,6.49,mungbean
25.36,38.96,25.6,7.14,mungbean
29.84,42.89,23.82,6.97,mungbean
20.51,53.19,21.98,6.92,mungbean
12.23,48.43,20.58,6.6,mungbean
18.81,37.43,21.57,6.93,mungbean
25.93,52.19,16.55,6.44,mungbean
38.7,64.2,24.0,6.69,blackgram
44.85,59.97,21.75,6.89,blackgram
44.37,72.11,26.86,7.41,blackgram
35.09,64.31,12.81,7.52,blackgram
35.72,64.96,17.94,7.07,blackgram
40.54,67.21,17.15,7.12,blackgram
48.63,72.71,11.11,7.4,blackgram
30.42,67.1,23.24,7.15,blackgram
41.39,61.0,17.92,6.58,blackgram
33.12,69.72,21.96,6.77,blackgram
36.83,64.58,28.44,7.19,blackgram
38.18,76.44,17.59,7.59,blackgram
37.9,66.99,17.32,7.75,blackgram
37.33,55.82,19.47,7.41,blackgram
40.04,68.79,22.95,7.21,blackgram
37.32,76.72,16.73,7.4,blackgram
32.69,74.88,16.48,6.83,blackgram
43.9,76.15,23.23,7.04,blackgram
43.76,61.9,20.51,6.77,blackgram
44.22,71.56,10.82,6.6,blackgram
32.3,63.39,14.1,7.23,blackgram
41.49,68.12,25.0,7.17,blackgram
43.38,60.64,20.61,7.38,blackgram
34.84,63.78,15.95,7.32,blackgram
40.05,63.62,18.32,7.2,blackgram
39.42,71.49,19.05,7.32,blackgram
49.21,71.0,21.94,7.08,blackgram
49.62,68.38,13.57,7.27,blackgram
31.68,60.25,15.64,6.81,blackgram
52.47,65.44,20.09,7.25,blackgram
35.42,63.27,18.6,7.37,blackgram
44.9,71.35,21.29,6.83,blackgram
44.85,72.89,14.08,7.12,blackgram
35.02,72.28,20.43,6.85,blackgram
42.47,63.22,23.37,6.89,blackgram
39.46,53.3,20.95,6.65,blackgram
42.77,58.17,19.56,7.61,blackgram
41.15,74.11,18.62,7.53,blackgram
45.98,64.99,15.66,7.31,blackgram
40.38,63.25,18.71,7.89,blackgram
39.16,75.21,24.04,7.02,blackgram
45.48,73.33,18.52,8.31,blackgram
42.9,67.12,15.44,7.01,blackgram
43.66,65.53,17.03,7.2,blackgram
36.68,66.34,19.8,6.94,blackgram
34.77,68.14,17.51,7.25,blackgram
37.16,75.0,20.94,7.43,blackgram
36.9,69.11,21.09,7.05,blackgram
43.93,70.63,22.56,7.81,blackgram
44.88,72.85,24.69,7.2,blackgram
39.22,61.15,22.98,7.21,blackgram
47.15,70.77,15.26,6.74,blackgram
46.84,65.53,15.39,7.27,blackgram
41.22,54.42,18.7,7.05,blackgram
35.89,56.36,17.2,6.86,blackgram
47.88,61.91,14.45,6.79,blackgram
39.69,69.66,17.23,8.17,blackgram
40.63,67.57,17.1,6.99,blackgram
38.3,67.92,16.31,6.52,blackgram
35.55,76.75,17.74,6.82,blackgram
32.66,60.65,23.71,7.08,blackgram
43.16,66.86,19.8,7.32,blackgram
36.08,68.52,28.89,7.32,blackgram
55.3,63.32,19.68,7.37,blackgram
34.57,67.14,17.84,6.84,blackgram
33.71,59.0,19.02,7.24,blackgram
42.55,74.05,20.03,6.75,blackgram
47.65,63.59,20.74,6.85,blackgram
40.32,77.16,27.31,6.73,blackgram
42.86,66.84,15.62,6.62,blackgram
30.78,72.14,22.44,7.53,blackgram
36.61,66.73,19.83,7.38,blackgram
34.63,66.85,12.72,7.49,blackgram
30.52,64.08,22.08,7.12,blackgram
40.58,67.6,24.07,7.41,blackgram
28.79,68.59,15.57,6.4,blackgram
33.39,63.08,18.96,7.45,blackgram
37.31,66.37,12.1,7.17,blackgram
35.84,63.95,13.96,7.35,blackgram
41.98,78.5,23.19,7.25,blackgram
41.53,66.55,17.13,6.71,blackgram
44.47,74.73,14.56,6.5,blackgram
43.76,66.02,19.92,6.82,blackgram
45.7,68.3,16.91,7.33,blackgram
39.99,60.39,17.12,7.38,blackgram
41.52,64.76,21.96,6.55,blackgram
42.56,68.05,14.35,6.71,blackgram
40.71,74.93,15.38,6.81,blackgram
38.01,68.11,19.62,6.96,blackgram
38.34,73.92,22.88,6.56,blackgram
35.91,70.2,23.95,6.53,blackgram
42.11,75.14,16.34,6.77,blackgram
39.53,66.7,22.75,7.13,blackgram
36.68,78.95,15.86,6.63,blackgram
36.69,64.57,26.3,7.05,blackgram
33.95,63.17,14.46,7.52,blackgram
44.89,60.95,24.31,6.58,blackgram
40.39,78.66,16.37,7.02,blackgram
35.69,71.1,27.05,7.51,blackgram
44.04,65.33,21.37,6.93,blackgram
16.71,69.75,20.6,6.7,lentil
23.65,77.31,22.3,7.33,lentil
17.78,71.7,16.15,7.05,lentil
23.42,71.88,23.21,6.32,lentil
20.72,82.44,12.94,6.86,lentil
17.63,69.58,14.01,7.46,lentil
20.92,69.42,21.84,6.73,lentil
20.28,70.52,25.68,6.98,lentil
23.08,61.96,20.97,7.02,lentil
16.81,64.78,18.84,6.39,lentil
19.16,64.47,10.22,7.0,lentil
18.75,70.24,10.91,6.24,lentil
21.82,66.13,19.52,6.55,lentil
14.9,67.69,17.57,7.23,lentil
23.07,72.44,14.58,6.94,lentil
20.87,71.32,19.26,6.68,lentil
13.73,66.19,19.46,6.98,lentil
23.83,63.65,22.78,6.78,lentil
27.94,72.68,19.55,6.81,lentil
23.01,70.87,23.91,7.06,lentil
24.71,58.97,19.03,6.51,lentil
19.34,65.43,18.54,6.82,lentil
12.35,67.83,23.26,6.68,lentil
11.62,70.89,15.09,6.17,lentil
20.02,71.55,30.26,6.43,lentil
16.63,68.42,20.5,7.43,lentil
15.34,69.93,20.52,6.95,lentil
18.75,67.32,21.1,6.27,lentil
21.46,63.63,26.51,6.18,lentil
13.19,65.69,22.17,6.76,lentil
17.2,67.09,12.58,7.42,lentil
25.04,66.83,24.61,6.73,lentil
14.7,57.57,17.64,7.32,lentil
22.48,65.01,19.43,6.94,lentil
17.06,67.28,13.88,6.99,lentil
21.18,65.59,21.1,6.27,lentil
23.39,65.77,16.39,7.18,lentil
21.97,69.44,19.4,6.67,lentil
22.64,61.61,17.86,7.15,lentil
14.39,58.86,26.7,6.47,lentil
23.45,65.26,26.93,6.87,lentil
15.59,70.82,19.19,6.94,lentil
20.04,75.44,19.26,6.74,lentil
20.03,70.91,17.51,6.96,lentil
20.94,59.66,23.42,6.69,lentil
20.35,65.84,17.68,6.54,lentil
15.62,68.28,17.31,7.44,lentil
13.6,67.89,22.91,7.22,lentil
22.49,69.7,16.85,6.5,lentil
19.74,62.41,18.85,7.03,lentil
23.6,67.32,12.67,6.5,lentil
18.82,69.1,21.82,6.33,lentil
13.38,71.13,26.76,7.21,lentil
22.86,62.97,21.88,6.12,lentil
17.52,65.27,24.85,7.17,lentil
20.37,53.48,15.62,6.7,lentil
16.41,63.89,19.95,6.72,lentil
25.58,64.38,15.23,6.96,lentil
15.49,61.9,18.09,7.03,lentil
17.65,67.83,22.09,6.47,lentil
19.43,66.72,19.41,7.09,lentil
14.63,55.7,13.35,6.85,lentil
20.32,68.08,13.74,6.3,lentil
25.45,62.36,13.48,6.73,lentil
17.04,69.43,20.97,7.35,lentil
20.58,60.59,27.26,7.47,lentil
8.0,67.15,24.45,7.09,lentil
18.84,65.58,11.42,6.32,lentil
17.75,68.52,24.68,7.0,lentil
15.73,67.62,22.75,7.14,lentil
23.33,65.72,12.82,7.09,lentil
17.7,59.32,17.79,7.11,lentil
18.29,59.61,23.38,6.95,lentil
17.49,64.08,21.2,6.77,lentil
11.33,66.96,13.76,6.56,lentil
14.47,63.96,21.44,6.04,lentil
22.84,70.13,10.45,6.94,lentil
10.56,65.6,18.11,6.87,lentil
15.93,62.17,23.55,7.02,lentil
17.4,65.61,19.07,6.26,lentil
25.97,68.13,17.0,7.06,lentil
22.07,68.62,22.56,7.62,lentil
16.77,76.39,22.9,6.83,lentil
24.22,63.66,24.24,6.78,lentil
16.04,66.63,22.5,6.92,lentil
23.04,69.13,23.33,7.61,lentil
13.56,66.88,21.93,6.39,lentil
23.29,64.5,20.06,6.88,lentil
17.38,59.25,19.36,6.48,lentil
14.89,64.45,18.05,6.58,lentil
18.13,61.63,14.15,6.78,lentil
20.11,58.37,15.18,7.34,lentil
17.02,63.02,17.87,7.52,lentil
21.22,61.76,19.97,6.98,lentil
16.67,69.92,24.76,6.65,lentil
21.48,70.01,18.83,7.8,lentil
20.77,62.48,23.01,6.63,lentil
18.76,65.7,23.32,6.57,lentil
17.23,57.71,18.07,6.09,lentil
19.61,64.53,21.38,7.36,lentil
21.87,17.8,38.4,6.72,pomegranate
27.67,14.43,36.26,6.73,pomegranate
12.44,15.04,38.9,5.64,pomegranate
23.83,14.88,41.51,6.28,pomegranate
18.28,20.09,44.91,5.59,pomegranate
21.22,17.07,26.87,7.62,pomegranate
11.41,17.29,35.84,5.6,pomegranate
23.87,20.39,40.8,5.88,pomegranate
21.15,17.43,39.51,5.88,pomegranate
17.84,16.89,42.02,5.65,pomegranate
20.58,19.88,41.34,7.08,pomegranate
14.94,20.67,38.48,7.61,pomegranate
15.68,17.41,37.37,6.16,pomegranate
16.15,18.32,38.77,5.74,pomegranate
10.59,14.87,45.74,5.28,pomegranate
21.45,14.56,36.34,6.28,pomegranate
22.77,21.08,39.69,6.24,pomegranate
15.19,19.78,40.92,6.07,pomegranate
19.39,19.82,47.8,6.51,pomegranate
16.94,19.12,38.5,6.6,pomegranate
19.31,18.18,44.79,6.56,pomegranate
15.49,20.79,46.16,6.24,pomegranate
14.47,21.74,39.68,5.85,pomegranate
22.21,21.64,38.95,6.73,pomegranate
17.74,17.6,38.35,6.41,pomegranate
26.09,23.55,38.72,6.84,pomegranate
18.19,18.91,44.27,6.8,pomegranate
14.3,20.53,41.16,5.69,pomegranate
22.91,19.13,41.18,5.68,pomegranate
20.52,18.99,34.37,6.02,pomegranate
20.91,15.06,35.16,5.87,pomegranate
22.76,20.81,50.72,6.78,pomegranate
15.39,29.38,39.11,6.58,pomegranate
17.49,16.5,36.13,6.95,pomegranate
17.31,18.28,47.16,6.6,pomegranate
12.84,16.22,41.41,6.5,pomegranate
16.95,16.05,42.89,7.0,pomegranate
23.35,24.18,39.31,6.63,pomegranate
18.95,15.31,38.41,6.43,pomegranate
12.62,16.1,39.15,7.14,pomegranate
11.78,11.65,33.09,6.46,pomegranate
24.66,14.97,39.56,6.25,pomegranate
17.64,11.17,41.48,5.98,pomegranate
15.41,20.53,49.25,6.75,pomegranate
16.9,29.2,40.43,7.02,pomegranate
12.09,16.53,28.33,6.37,pomegranate
23.69,11.33,39.53,7.05,pomegranate
16.43,21.6,53.7,5.41,pomegranate
23.47,15.09,44.33,6.37,pomegranate
18.21,23.2,35.95,6.38,pomegranate
23.72,16.87,42.96,6.04,pomegranate
19.03,15.47,36.29,7.59,pomegranate
21.41,17.29,33.23,6.37,pomegranate
20.88,21.03,38.26,6.2,pomegranate
20.49,17.09,40.46,6.41,pomegranate
19.39,16.01,30.64,5.4,pomegranate
17.07,17.2,34.25,6.02,pomegranate
25.66,12.91,40.05,6.89,pomegranate
14.37,19.59,37.96,6.09,pomegranate
18.02,10.85,41.97,5.99,pomegranate
18.06,16.22,33.93,7.05,pomegranate
19.61,21.04,43.57,7.07,pomegranate
16.28,19.21,34.08,6.66,pomegranate
19.26,20.36,48.21,6.17,pomegranate
17.32,17.74,31.42,6.28,pomegranate
11.67,22.68,34.54,6.0,pomegranate
18.04,21.7,42.09,5.9,pomegranate
13.6,19.78,48.32,5.88,pomegranate
11.06,21.71,41.58,6.09,pomegranate
18.55,21.0,42.81,5.88,pomegranate
19.95,16.24,40.09,5.62,pomegranate
20.11,12.62,34.87,6.51,pomegranate
20.27,19.68,37.55,6.52,pomegranate
10.27,20.18,33.94,7.25,pomegranate
12.56,22.36,33.61,6.07,pomegranate
25.89,14.25,42.01,6.55,pomegranate
13.81,14.37,34.38,6.56,pomegranate
20.44,19.84,41.6,6.27,pomegranate
15.25,17.72,33.49,6.77,pomegranate
18.32,10.46,41.48,6.79,pomegranate
15.47,19.5,37.56,6.56,pomegranate
20.25,10.59,47.03,6.27,pomegranate
18.55,14.22,41.62,6.22,pomegranate
16.21,23.41,46.18,5.72,pomegranate
13.8,25.3,36.22,6.0,pomegranate
19.07,13.14,40.28,6.09,pomegranate
13.15,16.68,35.09,5.84,pomegranate
19.71,18.17,37.93,6.62,pomegranate
28.51,25.12,38.69,7.0,pomegranate
23.4,16.03,36.37,5.95,pomegranate
20.87,16.09,33.92,6.54,pomegranate
17.66,24.19,32.93,5.88,pomegranate
10.24,16.5,28.3,6.25,pomegranate
12.71,20.89,34.72,6.05,pomegranate
23.13,12.09,43.14,6.7,pomegranate
14.84,17.32,32.01,6.06,pomegranate
15.2,11.36,33.16,6.91,pomegranate
17.34,13.78,48.95,6.28,pomegranate
13.75,21.36,36.82,6.08,pomegranate
13.09,17.8,41.61,5.77,pomegranate
101.52,84.82,45.95,5.68,banana
105.37,82.85,40.05,6.45,banana
101.64,78.11,52.7,5.54,banana
113.43,91.25,60.6,5.6,banana
108.58,80.24,56.95,5.91,banana
98.15,85.88,48.71,5.9,banana
98.09,69.91,50.04,6.03,banana
102.82,88.38,54.44,6.95,banana
94.97,89.34,55.61,6.07,banana
107.0,82.15,48.28,4.71,banana
102.17,84.79,50.17,6.06,banana
101.54,84.79,51.5,5.92,banana
104.12,78.79,52.77,5.92,banana
110.34,84.74,49.33,6.02,banana
101.03,77.96,49.4,5.89,banana
99.32,78.96,56.9,5.87,banana
109.05,87.63,56.05,6.21,banana
105.81,86.87,52.39,5.63,banana
98.07,78.47,58.6,5.43,banana
100.03,78.33,48.07,7.41,banana
101.17,78.77,58.11,5.54,banana
102.17,85.66,52.71,5.95,banana
91.86,77.0,66.36,5.15,banana
90.75,83.78,44.04,5.96,banana
94.68,85.73,46.55,5.43,banana
94.21,81.56,52.09,5.68,banana
96.14,87.05,51.99,6.42,banana
103.81,80.48,59.75,6.14,banana
98.99,80.93,46.66,6.18,banana
101.18,77.11,54.52,5.01,banana
92.65,87.09,55.81,6.82,banana
97.23,78.17,53.52,5.3,banana
103.52,83.75,45.2,6.66,banana
103.57,81.64,57.04,6.41,banana
95.65,76.74,56.15,6.19,banana
100.97,78.95,53.0,5.47,banana
113.19,88.91,51.02,5.98,banana
99.89,83.01,51.13,5.66,banana
95.84,76.95,49.61,5.91,banana
98.96,83.53,53.2,5.78,banana
100.55,81.27,50.16,4.88,banana
99.09,99.27,45.76,6.46,banana
99.81,83.43,44.76,5.86,banana
91.34,80.1,46.24,5.66,banana
94.22,89.1,51.11,5.62,banana
99.1,72.79,49.87,6.08,banana
99.01,82.47,51.08,5.45,banana
96.6,91.97,52.5,4.77,banana
98.94,81.42,46.86,6.1,banana
100.37,73.33,57.33,6.16,banana
105.34,80.02,48.66,5.8,banana
99.4,89.27,47.83,5.33,banana
102.39,83.88,52.41,5.94,banana
96.75,77.81,40.82,5.17,banana
103.43,78.57,46.05,5.39,banana
102.25,79.2,54.91,5.52,banana
105.19,83.81,41.31,6.32,banana
104.28,88.69,55.59,5.72,banana
103.53,87.26,57.56,5.68,banana
99.41,84.28,48.15,6.88,banana
101.47,75.34,51.46,6.08,banana
106.38,75.36,55.6,6.07,banana
96.09,84.67,47.67,5.72,banana
96.23,75.27,54.34,5.6,banana
101.09,80.87,46.64,4.81,banana
102.49,83.52,47.61,6.38,banana
95.06,76.31,46.0,6.12,banana
99.55,76.88,51.71,5.81,banana
99.44,81.53,55.79,5.83,banana
86.71,84.52,49.08,6.27,banana
98.68,87.31,43.64,5.12,banana
99.06,85.04,44.59,5.61,banana
99.04,82.37,51.97,5.33,banana
108.5,78.27,59.22,6.79,banana
92.71,76.65,51.97,6.34,banana
95.05,79.45,48.07,4.8,banana
84.33,84.05,53.83,5.14,banana
97.11,83.68,48.8,5.83,banana
97.63,71.5,48.11,5.66,banana
96.94,78.07,45.21,5.24,banana
106.65,88.02,57.04,6.87,banana
105.16,82.4,37.3,6.06,banana
100.47,74.91,53.99,6.14,banana
97.78,93.78,47.68,5.55,banana
106.16,81.86,47.95,6.26,banana
99.88,83.92,58.46,5.71,banana
95.09,84.0,46.43,5.76,banana
89.7,80.16,46.6,6.21,banana
97.35,78.36,49.35,5.09,banana
104.53,92.61,52.07,6.7,banana
113.66,87.02,47.79,5.99,banana
100.37,86.11,42.13,6.54,banana
95.41,84.88,45.67,5.36,banana
92.89,76.98,56.41,5.44,banana
103.31,88.39,50.37,5.32,banana
89.41,77.78,52.26,6.03,banana
103.3,83.42,48.69,5.93,banana
104.91,73.8,46.7,5.67,banana
102.62,71.8,58.39,5.39,banana
98.68,83.59,49.06,5.27,banana
19.81,21.05,32.97,6.2,mango
18.14,31.34,30.18,5.56,mango
17.26,21.77,29.78,4.89,mango
26.19,30.19,32.23,5.93,mango
19.67,24.2,29.54,6.16,mango
25.08,33.41,30.76,6.09,mango
17.87,30.0,25.77,6.01,mango
20.98,22.97,35.19,5.63,mango
19.78,23.33,25.44,5.4,mango
13.21,29.42,28.27,6.08,mango
25.71,25.95,30.39,6.01,mango
19.46,26.32,37.96,5.52,mango
22.99,32.09,28.31,6.35,mango
16.99,24.01,27.34,5.36,mango
19.34,27.37,27.8,5.51,mango
16.53,30.82,36.64,6.62,mango
24.94,30.24,18.75,6.23,mango
21.25,26.36,25.99,5.62,mango
21.47,25.84,40.93,5.94,mango
25.43,20.04,32.36,5.88,mango
24.63,22.78,25.58,4.43,mango
23.06,28.27,29.83,5.35,mango
14.31,26.45,30.27,5.77,mango
17.22,27.3,33.38,5.62,mango
15.98,31.16,37.36,5.92,mango
22.91,22.25,31.55,6.36,mango
20.68,26.06,27.84,5.64,mango
14.44,27.75,33.15,5.27,mango
19.25,24.18,27.21,5.96,mango
14.02,32.73,25.87,5.64,mango
19.79,30.63,22.96,5.72,mango
13.38,28.16,23.74,5.65,mango
22.12,34.18,26.41,6.92,mango
21.51,21.0,25.29,4.68,mango
27.63,26.97,31.25,5.61,mango
23.39,28.47,25.2,5.8,mango
18.31,23.34,17.43,5.41,mango
23.27,28.2,25.82,6.25,mango
14.41,22.57,28.11,6.21,mango
16.15,29.76,27.58,5.78,mango
21.33,31.23,36.08,5.66,mango
11.37,28.09,27.55,5.74,mango
19.85,19.59,33.52,5.75,mango
15.92,23.13,29.92,5.76,mango
20.41,29.26,29.83,5.71,mango
15.69,27.08,26.66,5.93,mango
21.7,16.22,29.76,6.18,mango
20.08,31.97,26.94,5.18,mango
25.6,27.55,30.68,5.27,mango
20.03,23.72,29.06,4.93,mango
16.93,30.98,26.22,6.23,mango
19.01,24.29,33.97,5.93,mango
14.62,24.25,31.71,6.05,mango
21.62,28.43,28.21,5.09,mango
22.36,34.12,30.58,6.69,mango
29.88,33.49,29.66,5.5,mango
17.51,28.44,26.53,5.88,mango
18.93,28.85,30.28,6.23,mango
17.7,30.17,27.52,5.31,mango
20.85,21.97,26.22,5.53,mango
21.53,29.58,23.51,5.89,mango
19.79,24.06,28.57,7.23,mango
24.35,28.27,32.27,5.95,mango
17.53,26.09,27.22,6.6,mango
23.94,29.0,40.08,6.4,mango
22.15,27.47,33.54,5.98,mango
19.95,14.71,35.22,5.31,mango
18.74,27.72,33.18,6.33,mango
29.71,29.57,37.41,5.05,mango
16.73,28.78,26.85,6.6,mango
21.19,26.59,19.76,5.9,mango
17.0,33.57,28.22,4.47,mango
27.14,28.25,32.23,5.63,mango
23.55,28.75,30.61,6.13,mango
17.29,31.18,31.1,5.68,mango
22.05,28.45,35.28,6.16,mango
21.03,23.41,31.53,5.37,mango
17.93,17.25,33.2,5.15,mango
23.03,25.09,26.24,5.76,mango
21.56,30.04,25.62,5.82,mango
20.86,25.59,36.46,5.63,mango
19.83,30.2,30.4,6.41,mango
21.72,27.59,27.51,5.37,mango
20.92,32.15,27.51,5.96,mango
20.24,25.82,27.4,5.83,mango
17.44,28.87,27.16,5.02,mango
26.78,29.02,24.87,5.14,mango
15.8,33.01,24.0,5.81,mango
21.71,20.17,29.22,6.79,mango
18.72,25.17,27.63,6.09,mango
27.04,30.39,34.43,4.94,mango
16.39,33.18,31.17,4.24,mango
17.06,27.96,31.06,6.17,mango
16.12,25.83,27.03,5.75,mango
21.29,30.03,29.52,6.37,mango
14.51,30.47,31.44,5.36,mango
18.09,25.56,32.86,5.98,mango
11.39,28.32,29.62,6.22,mango
20.96,31.72,34.32,5.58,mango
18.0,34.56,30.03,5.59,mango
23.1,119.51,198.45,5.56,grapes
25.17,132.42,198.2,6.8,grapes
22.94,132.15,195.82,6.52,grapes
26.9,133.1,202.57,5.93,grapes
21.15,144.64,201.41,6.02,grapes
17.69,139.44,190.46,5.59,grapes
30.91,136.71,190.09,6.45,grapes
20.58,126.23,202.55,5.81,grapes
20.73,128.92,195.11,5.87,grapes
22.74,131.43,201.81,6.3,grapes
23.27,127.35,204.69,5.91,grapes
21.45,135.0,192.37,5.88,grapes
22.93,134.14,191.53,6.01,grapes
22.84,125.47,205.0,6.4,grapes
23.7,139.18,202.11,6.82,grapes
13.57,132.61,197.48,6.29,grapes
30.52,121.63,194.4,6.4,grapes
22.41,131.69,196.94,5.9,grapes
25.32,133.69,192.86,5.65,grapes
17.49,137.84,205.0,6.33,grapes
21.12,129.98,195.34,6.09,grapes
20.31,136.97,205.0,5.29,grapes
28.88,133.12,197.6,5.84,grapes
20.66,124.11,193.74,5.96,grapes
26.03,123.51,197.44,5.74,grapes
20.4,138.74,184.25,6.74,grapes
21.19,139.18,199.28,6.24,grapes
22.02,133.94,198.98,6.69,grapes
28.14,140.97,204.95,6.13,grapes
15.44,138.34,188.68,6.04,grapes
17.74,136.1,205.0,5.53,grapes
15.21,126.53,204.92,6.01,grapes
18.65,142.39,205.0,6.01,grapes
19.75,135.22,199.68,5.32,grapes
16.54,129.68,205.0,5.73,grapes
20.06,127.99,191.17,5.84,grapes
14.94,133.54,204.28,6.21,grapes
18.93,121.97,195.37,6.23,grapes
27.8,136.2,190.09,5.71,grapes
24.61,126.28,193.26,6.23,grapes
23.75,134.22,200.03,5.91,grapes
18.99,128.87,195.05,4.57,grapes
16.86,130.41,202.26,5.76,grapes
18.44,127.46,189.15,6.54,grapes
22.83,131.03,187.24,5.16,grapes
26.47,143.34,205.0,6.06,grapes
26.61,140.31,205.0,6.79,grapes
25.52,134.13,193.7,5.62,grapes
20.05,131.85,199.98,6.0,grapes
23.1,137.07,205.0,5.35,grapes
21.71,138.78,202.52,6.81,grapes
22.2,127.02,200.89,5.96,grapes
31.15,131.54,205.0,6.02,grapes
15.95,121.07,195.62,6.68,grapes
22.06,138.74,200.19,6.33,grapes
27.85,144.39,199.89,5.56,grapes
17.14,132.48,198.36,5.68,grapes
20.43,119.25,197.66,6.25,grapes
20.88,135.65,200.44,5.69,grapes
22.11,126.58,200.21,4.94,grapes
16.62,128.02,193.71,5.97,grapes
25.38,135.76,204.81,5.26,grapes
25.67,133.53,194.14,6.81,grapes
25.03,129.07,198.69,6.09,grapes
19.52,128.1,198.23,5.55,grapes
23.35,132.76,202.15,5.65,grapes
19.4,129.54,187.29,5.06,grapes
21.67,125.34,205.0,5.45,grapes
31.61,130.0,195.94,6.51,grapes
23.38,134.04,205.0,7.12,grapes
18.25,130.93,197.13,6.36,grapes
23.72,123.52,199.71,5.95,grapes
17.59,137.93,205.0,5.78,grapes
18.2,115.57,198.34,5.52,grapes
18.84,129.32,205.0,7.03,grapes
21.22,128.28,200.23,5.91,grapes
26.75,132.89,202.49,7.06,grapes
25.31,135.37,200.42,6.7,grapes
25.09,138.76,205.0,5.13,grapes
18.6,127.73,195.89,5.67,grapes
20.83,135.52,194.1,5.67,grapes
24.09,133.17,196.17,5.96,grapes
20.49,121.73,200.6,5.97,grapes
21.89,143.4,198.68,7.5,grapes
24.77,123.37,204.26,5.46,grapes
21.6,134.52,205.0,6.11,grapes
23.9,134.34,194.14,6.31,grapes
29.37,133.65,195.6,6.0,grapes
22.31,129.03,191.38,6.06,grapes
27.72,136.96,205.0,5.48,grapes
25.24,122.64,201.83,6.05,grapes
17.13,131.61,202.88,6.26,grapes
18.59,128.62,191.96,6.16,grapes
19.67,127.94,199.99,6.29,grapes
19.58,134.57,203.06,6.71,grapes
22.64,138.46,198.48,6.47,grapes
25.46,129.94,205.0,6.04,grapes
28.02,136.68,205.0,5.41,grapes
24.23,132.3,194.32,5.7,grapes
21.22,126.64,193.87,5.89,grapes
100.51,13.93,48.44,6.3,watermelon
96.13,13.76,53.66,5.61,watermelon
93.39,20.95,43.38,6.06,watermelon
91.87,21.77,50.02,6.2,watermelon
89.09,23.05,51.18,6.53,watermelon
97.59,24.22,55.78,6.12,watermelon
90.18,17.54,42.07,6.29,watermelon
93.0,15.76,50.15,6.01,watermelon
96.64,22.4,44.57,6.57,watermelon
90.98,19.85,52.53,6.67,watermelon
101.28,13.07,53.89,6.66,watermelon
103.44,12.87,56.44,6.5,watermelon
95.7,18.97,47.32,5.88,watermelon
96.38,16.29,54.64,6.25,watermelon
102.22,16.89,56.8,6.34,watermelon
94.72,21.29,41.78,6.34,watermelon
94.3,20.04,53.06,6.53,watermelon
106.18,22.32,54.79,7.07,watermelon
104.31,9.27,48.71,6.82,watermelon
102.61,18.01,43.95,6.1,watermelon
104.55,19.78,54.71,6.77,watermelon
87.14,10.89,44.0,6.76,watermelon
107.12,14.38,49.11,6.18,watermelon
101.35,13.64,49.8,6.84,watermelon
105.06,17.09,53.58,6.44,watermelon
101.32,23.51,46.87,5.94,watermelon
99.29,25.09,46.58,6.68,watermelon
97.35,13.74,50.49,6.59,watermelon
101.2,19.11,55.03,6.41,watermelon
97.13,19.24,61.44,6.49,watermelon
104.21,18.55,42.46,6.21,watermelon
89.48,18.6,51.58,6.74,watermelon
95.75,18.21,44.57,6.48,watermelon
111.27,23.75,55.09,6.57,watermelon
95.24,21.41,45.31,6.64,watermelon
97.57,12.76,46.63,6.04,watermelon
93.7,20.18,47.05,6.14,watermelon
101.02,20.57,49.62,5.62,watermelon
94.58,18.26,51.62,6.73,watermelon
97.89,21.53,52.42,6.02,watermelon
104.09,17.75,49.97,6.55,watermelon
94.81,17.8,43.35,6.65,watermelon
103.73,17.48,53.64,6.74,watermelon
103.93,8.93,49.74,6.02,watermelon
105.33,16.68,55.81,6.47,watermelon
99.84,14.33,46.46,7.17,watermelon
118.45,12.25,41.99,7.19,watermelon
105.33,22.74,49.83,6.89,watermelon
100.95,19.02,56.48,6.63,watermelon
93.74,16.88,50.8,6.1,watermelon
98.42,14.74,49.0,6.79,watermelon
107.56,18.18,45.65,6.44,watermelon
109.26,20.97,58.79,6.72,watermelon
107.87,13.69,44.85,6.25,watermelon
103.71,16.98,46.37,6.43,watermelon
91.47,20.47,52.85,6.57,watermelon
101.92,9.26,40.72,6.6,watermelon
91.55,16.77,56.37,6.7,watermelon
90.08,15.28,53.12,6.27,watermelon
100.43,16.46,54.5,5.96,watermelon
102.14,14.99,52.79,7.15,watermelon
104.42,17.55,49.19,7.5,watermelon
101.98,24.69,44.68,6.68,watermelon
102.19,15.7,49.3,5.97,watermelon
93.09,18.17,45.12,6.19,watermelon
98.37,24.98,52.43,6.7,watermelon
89.96,14.8,54.03,7.04,watermelon
86.98,24.26,57.38,6.01,watermelon
103.44,17.02,51.86,6.45,watermelon
94.48,24.13,54.62,6.58,watermelon
104.23,20.0,48.51,6.85,watermelon
105.65,18.23,47.61,6.36,watermelon
95.28,16.74,52.37,5.87,watermelon
102.54,14.5,48.07,6.75,watermelon
95.03,17.3,51.35,6.95,watermelon
87.92,20.59,44.69,6.47,watermelon
99.74,16.95,45.59,6.66,watermelon
96.17,15.73,53.18,6.31,watermelon
96.36,16.0,54.43,6.16,watermelon
110.85,20.97,45.07,6.91,watermelon
89.84,21.9,53.35,6.65,watermelon
101.3,14.33,47.34,6.7,watermelon
93.03,14.33,50.08,7.1,watermelon
104.45,18.52,57.08,6.08,watermelon
100.79,23.11,54.04,6.28,watermelon
101.28,21.58,53.98,6.56,watermelon
93.33,11.99,59.54,6.27,watermelon
94.41,15.94,46.48,6.81,watermelon
104.56,13.28,45.07,6.43,watermelon
109.62,15.93,46.39,6.1,watermelon
101.88,23.42,48.73,6.53,watermelon
93.62,11.31,38.23,6.57,watermelon
101.03,10.52,48.96,6.87,watermelon
113.56,13.69,47.28,6.66,watermelon
99.61,18.15,53.92,6.68,watermelon
107.77,19.48,51.76,6.63,watermelon
94.56,18.75,47.0,6.42,watermelon
98.75,21.7,52.95,6.21,watermelon
102.72,9.95,53.62,6.62,watermelon
101.38,21.75,46.16,6.37,watermelon
110.14,15.89,47.65,6.42,muskmelon
108.05,21.58,43.03,6.27,muskmelon
103.8,19.4,53.51,6.34,muskmelon
102.27,17.08,55.59,6.45,muskmelon
99.47,13.02,48.45,7.09,muskmelon
92.43,17.91,48.11,6.3,muskmelon
98.7,21.05,45.19,6.42,muskmelon
100.61,18.72,49.25,6.05,muskmelon
101.38,17.67,47.19,6.69,muskmelon
102.82,13.81,44.94,6.95,muskmelon
105.53,20.47,59.46,7.05,muskmelon
95.85,5.0,52.33,6.48,muskmelon
95.9,18.53,52.86,6.63,muskmelon
108.71,27.28,54.42,6.34,muskmelon
104.63,10.97,53.86,6.61,muskmelon
97.66,16.03,47.93,6.53,muskmelon
99.36,16.97,51.36,6.42,muskmelon
99.38,15.15,48.65,6.46,muskmelon
100.19,21.15,52.19,6.58,muskmelon
102.84,18.89,51.71,6.28,muskmelon
115.21,17.61,48.09,6.3,muskmelon
101.14,20.19,43.35,7.08,muskmelon
103.98,17.07,50.73,7.48,muskmelon
89.88,29.72,48.98,5.92,muskmelon
97.09,17.61,40.55,5.9,muskmelon
107.37,17.78,52.54,6.02,muskmelon
102.41,10.16,54.83,6.36,muskmelon
73.67,14.83,62.64,6.76,muskmelon
104.04,21.59,48.04,6.64,muskmelon
111.51,11.66,47.31,6.47,muskmelon
88.02,8.37,44.45,6.61,muskmelon
109.12,17.13,51.04,6.12,muskmelon
83.37,22.48,51.01,6.3,muskmelon
105.63,17.17,45.94,6.39,muskmelon
99.95,15.66,49.13,5.77,muskmelon
85.9,9.57,40.11,5.94,muskmelon
102.68,18.81,54.63,5.95,muskmelon
106.91,19.65,46.15,6.71,muskmelon
102.18,9.87,49.83,6.5,muskmelon
103.51,21.54,42.87,6.64,muskmelon
97.53,20.06,47.09,5.66,muskmelon
88.83,21.53,48.6,5.81,muskmelon
104.15,19.33,49.94,6.67,muskmelon
110.5,19.61,52.4,5.29,muskmelon
106.78,19.08,57.2,6.89,muskmelon
88.07,20.47,53.66,5.67,muskmelon
90.91,9.72,54.81,6.74,muskmelon
94.92,11.0,57.23,6.04,muskmelon
90.44,14.06,52.85,6.82,muskmelon
100.27,16.48,49.82,7.68,muskmelon
102.36,18.55,55.05,5.49,muskmelon
91.42,18.3,55.37,6.68,muskmelon
104.66,21.47,53.24,5.68,muskmelon
103.61,21.59,42.73,6.57,muskmelon
96.71,13.51,45.79,6.32,muskmelon
98.96,17.95,48.63,6.45,muskmelon
88.3,13.61,53.9,6.04,muskmelon
98.01,16.25,49.89,6.71,muskmelon
100.04,18.29,55.68,5.82,muskmelon
101.01,5.0,56.58,6.9,muskmelon
102.27,26.64,56.0,6.24,muskmelon
101.47,19.27,56.03,5.84,muskmelon
98.41,14.62,44.82,7.04,muskmelon
101.72,24.71,52.41,6.37,muskmelon
106.01,15.61,46.96,7.16,muskmelon
99.43,17.53,41.75,6.89,muskmelon
101.91,15.05,48.56,6.08,muskmelon
98.88,23.61,56.62,6.37,muskmelon
96.12,16.58,52.3,6.45,muskmelon
103.14,17.6,60.09,7.01,muskmelon
96.67,21.82,50.89,6.58,muskmelon
102.32,19.34,62.24,6.47,muskmelon
100.17,16.78,50.89,6.32,muskmelon
98.18,21.44,50.11,6.38,muskmelon
98.03,27.15,43.6,6.92,muskmelon
96.95,18.27,55.55,6.4,muskmelon
90.13,17.47,47.49,6.24,muskmelon
102.3,17.68,46.76,6.17,muskmelon
101.39,22.24,56.41,6.18,muskmelon
105.1,14.6,55.79,5.84,muskmelon
96.81,15.89,55.66,6.1,muskmelon
111.37,10.85,48.19,7.0,muskmelon
97.72,12.26,49.75,6.32,muskmelon
94.75,14.93,49.7,6.68,muskmelon
94.04,16.78,53.91,5.41,muskmelon
89.6,24.08,57.77,6.63,muskmelon
109.2,19.14,51.84,6.34,muskmelon
108.23,13.35,59.87,6.21,muskmelon
103.6,14.09,54.49,6.47,muskmelon
94.62,22.5,48.83,6.2,muskmelon
110.87,21.51,54.14,5.55,muskmelon
97.89,17.11,58.53,6.77,muskmelon
98.39,15.23,59.99,6.5,muskmelon
108.62,21.5,55.93,6.27,muskmelon
103.95,13.03,50.13,6.01,muskmelon
113.21,18.57,48.92,5.81,muskmelon
101.49,26.09,52.88,6.49,muskmelon
97.62,17.82,58.37,7.05,muskmelon
96.33,13.9,52.17,6.48,muskmelon
88.92,18.64,52.27,5.85,muskmelon
21.9,132.05,205.0,6.69,apple
20.79,129.75,194.01,5.54,apple
24.46,130.64,199.87,5.78,apple
23.43,144.45,197.84,5.36,apple
9.06,135.84,198.62,6.4,apple
23.18,135.05,189.22,6.95,apple
16.99,132.43,205.0,5.02,apple
15.31,145.0,194.35,5.73,apple
20.25,141.83,205.0,6.53,apple
22.64,129.67,195.27,5.18,apple
14.44,132.36,195.25,6.18,apple
23.82,132.71,205.0,6.51,apple
24.05,134.88,204.96,5.94,apple
21.19,129.79,200.25,6.18,apple
17.53,136.63,203.57,6.78,apple
17.08,142.71,197.27,6.87,apple
25.1,126.12,198.95,5.87,apple
14.96,127.23,195.03,5.63,apple
25.26,131.1,204.42,5.44,apple
20.34,131.38,194.84,6.39,apple
20.62,145.0,205.0,5.21,apple
14.17,140.01,197.1,5.77,apple
20.41,139.67,199.12,5.95,apple
23.45,132.41,203.55,5.65,apple
15.65,132.28,199.14,6.04,apple
22.99,125.29,197.21,7.18,apple
21.36,138.69,198.82,5.84,apple
18.42,136.95,204.36,5.68,apple
24.42,141.72,195.02,6.41,apple
12.19,132.74,198.24,6.02,apple
22.39,133.15,199.06,6.62,apple
27.48,135.02,204.19,5.98,apple
26.76,139.35,198.4,5.78,apple
22.56,125.18,205.0,5.01,apple
19.79,138.42,198.06,5.09,apple
18.46,133.88,197.57,4.98,apple
19.79,127.65,197.97,6.09,apple
23.18,121.49,191.1,5.22,apple
17.77,133.18,192.78,6.53,apple
24.03,142.69,195.82,5.92,apple
29.53,144.05,205.0,5.78,apple
20.75,136.13,198.8,5.48,apple
15.62,145.0,196.09,6.21,apple
15.62,133.74,205.0,5.5,apple
24.11,139.72,205.0,5.41,apple
20.76,131.29,205.0,6.49,apple
24.51,130.91,193.88,6.08,apple
18.87,129.93,196.03,5.78,apple
24.32,121.64,205.0,6.22,apple
20.37,141.72,200.45,5.9,apple
18.07,130.15,197.39,6.09,apple
19.4,129.19,203.31,5.49,apple
16.21,126.92,205.0,6.94,apple
28.96,132.77,195.57,5.61,apple
20.61,144.58,200.32,6.68,apple
23.58,145.0,204.56,5.81,apple
18.85,124.03,192.04,6.3,apple
16.79,131.87,199.07,6.27,apple
20.06,127.79,192.31,6.47,apple
25.4,139.93,193.1,5.48,apple
18.92,135.72,195.62,6.44,apple
17.52,130.18,201.86,6.82,apple
21.62,134.44,197.07,5.77,apple
23.0,131.14,195.11,5.92,apple
27.57,143.69,199.31,5.64,apple
22.42,137.28,192.12,5.73,apple
23.58,138.02,201.57,6.76,apple
23.88,118.0,205.0,5.4,apple
16.39,133.6,198.52,5.43,apple
17.15,145.0,197.78,6.71,apple
16.66,141.96,201.24,6.21,apple
15.67,122.92,186.83,6.96,apple
24.18,132.12,202.22,5.67,apple
22.16,126.79,205.0,5.96,apple
21.32,144.27,198.26,5.57,apple
10.63,135.47,198.29,5.97,apple
29.22,129.39,203.46,5.01,apple
17.42,134.2,205.0,6.24,apple
29.21,118.36,204.85,6.06,apple
15.2,127.49,186.07,5.87,apple
17.75,134.22,202.38,5.7,apple
12.19,139.07,205.0,5.45,apple
22.45,122.35,202.73,6.26,apple
16.59,131.71,192.07,5.31,apple
16.71,140.06,200.69,6.16,apple
15.51,125.29,191.32,6.94,apple
24.11,135.38,205.0,6.64,apple
23.85,134.4,193.26,5.15,apple
28.25,144.29,199.45,5.63,apple
18.26,132.62,193.85,6.11,apple
21.88,132.97,195.72,5.86,apple
15.84,139.13,205.0,5.2,apple
19.66,126.04,199.62,6.09,apple
18.92,132.67,195.64,5.89,apple
22.86,131.27,192.13,6.86,apple
25.07,133.17,187.77,5.77,apple
24.96,139.09,191.49,6.48,apple
17.63,137.32,199.67,5.27,apple
24.99,129.51,204.88,5.39,apple
20.82,134.82,195.64,6.26,apple
23.33,21.0,12.65,6.79,orange
15.17,21.8,9.08,7.79,orange
19.1,27.2,11.93,6.57,orange
13.47,19.03,10.67,7.75,orange
18.28,16.65,12.16,6.69,orange
22.35,19.89,5.97,7.1,orange
17.26,13.76,9.56,6.9,orange
18.0,16.43,9.83,6.96,orange
14.48,13.41,11.87,7.42,orange
16.41,17.59,8.11,7.7,orange
26.03,13.39,5.0,7.58,orange
19.29,13.25,6.75,6.94,orange
14.99,17.65,9.82,7.17,orange
17.74,15.45,10.19,6.79,orange
12.61,8.29,15.05,6.7,orange
14.94,10.18,11.75,6.64,orange
24.44,11.41,10.24,6.92,orange
18.43,12.47,9.9,7.2,orange
26.56,17.66,13.31,6.34,orange
18.62,16.88,8.23,7.08,orange
18.86,20.26,9.58,7.71,orange
21.56,19.01,6.73,7.55,orange
8.31,20.29,14.26,6.87,orange
19.82,18.43,11.18,6.54,orange
18.8,16.84,7.88,7.28,orange
24.94,20.4,9.66,6.17,orange
22.86,19.68,11.53,7.54,orange
14.47,17.5,9.25,7.01,orange
23.97,21.08,8.4,7.83,orange
17.95,6.62,8.04,6.41,orange
15.38,14.84,11.02,7.47,orange
19.79,14.78,8.93,7.06,orange
18.19,20.61,8.64,6.97,orange
25.15,22.29,5.99,6.55,orange
20.36,10.2,10.23,7.34,orange
19.82,21.64,9.46,7.37,orange
22.6,11.31,9.04,7.81,orange
23.37,11.44,10.6,7.5,orange
22.13,15.06,12.24,6.86,orange
24.68,14.73,12.1,6.7,orange
21.43,9.77,11.66,6.55,orange
19.67,18.6,9.28,7.69,orange
23.96,18.72,8.3,6.79,orange
18.64,20.22,6.87,7.69,orange
19.13,14.27,8.22,7.31,orange
25.89,15.84,10.06,7.23,orange
25.49,15.88,7.64,6.98,orange
18.97,22.75,10.29,7.36,orange
17.19,5.0,7.1,7.09,orange
24.85,12.17,5.02,6.95,orange
22.2,16.02,12.46,7.38,orange
20.26,11.66,8.58,7.04,orange
17.71,14.97,7.49,6.78,orange
20.33,15.5,6.72,7.34,orange
18.91,13.37,11.27,7.07,orange
16.34,16.26,14.12,7.3,orange
19.52,18.51,8.79,6.92,orange
20.06,15.05,9.35,6.62,orange
17.5,14.19,13.21,7.79,orange
22.62,15.34,5.0,7.72,orange
24.16,15.97,15.9,7.45,orange
22.88,9.04,17.33,6.94,orange
17.9,17.85,5.0,6.98,orange
22.02,14.2,9.71,7.65,orange
19.31,21.05,7.84,6.96,orange
14.06,18.36,9.21,6.85,orange
21.69,20.68,8.74,7.85,orange
19.58,11.96,12.44,7.08,orange
29.37,14.51,9.66,7.81,orange
24.83,11.03,7.27,6.54,orange
21.84,13.18,9.48,7.31,orange
20.0,21.01,11.54,7.93,orange
19.65,21.95,6.45,7.11,orange
14.99,11.41,5.06,6.99,orange
12.04,14.17,15.98,6.63,orange
15.51,15.7,8.07,7.53,orange
18.81,18.34,9.59,6.79,orange
10.58,8.96,8.81,7.06,orange
16.82,9.59,11.64,6.61,orange
18.01,17.96,15.32,7.72,orange
18.14,8.2,11.74,7.56,orange
16.35,14.21,5.44,7.09,orange
17.63,16.65,5.85,6.64,orange
25.9,17.66,8.8,7.71,orange
21.65,15.43,9.2,6.95,orange
16.76,14.54,5.0,6.66,orange
18.73,19.38,12.46,6.4,orange
18.89,17.14,6.74,6.84,orange
15.93,13.41,14.48,6.52,orange
15.92,16.15,15.46,6.85,orange
23.04,17.53,9.26,7.4,orange
17.32,22.87,11.32,6.95,orange
14.62,19.15,6.3,7.24,orange
18.83,20.86,11.87,6.81,orange
19.47,13.56,8.51,7.13,orange
11.11,13.9,6.74,7.87,orange
18.84,15.06,9.13,6.96,orange
22.47,15.43,8.6,7.25,orange
20.8,11.97,9.02,6.47,orange
27.92,21.06,12.85,7.71,orange
46.61,53.67,42.7,7.2,papaya
54.25,65.79,45.55,6.17,papaya
48.38,55.33,46.4,6.93,papaya
52.06,61.33,48.96,7.11,papaya
52.36,54.82,46.19,6.63,papaya
46.74,62.8,53.54,6.65,papaya
54.46,53.87,41.97,6.87,papaya
45.21,59.2,42.1,6.84,papaya
52.89,59.26,48.33,6.93,papaya
47.05,70.64,49.12,6.92,papaya
50.75,62.15,42.73,6.31,papaya
46.69,56.04,46.97,7.1,papaya
49.25,62.43,47.99,7.17,papaya
43.63,69.69,48.03,6.77,papaya
50.24,50.85,50.76,6.1,papaya
49.22,54.79,46.69,6.65,papaya
46.3,57.82,57.39,6.78,papaya
48.72,56.91,52.44,6.24,papaya
49.67,57.34,45.96,6.56,papaya
45.92,52.48,50.47,6.14,papaya
48.36,66.02,50.62,6.94,papaya
43.97,51.89,56.07,6.77,papaya
60.73,58.0,47.0,6.04,papaya
54.3,64.23,53.84,6.84,papaya
50.37,58.85,50.21,6.68,papaya
54.86,54.1,57.46,6.91,papaya
39.1,52.26,56.45,6.54,papaya
36.21,57.85,50.98,6.38,papaya
47.0,55.21,48.69,6.39,papaya
42.11,60.03,52.53,6.48,papaya
47.82,51.99,49.1,6.71,papaya
50.03,63.07,58.4,6.76,papaya
53.6,59.58,50.39,6.62,papaya
43.31,59.95,47.97,6.53,papaya
51.0,66.21,47.7,6.56,papaya
49.07,56.81,43.93,7.7,papaya
50.74,55.37,52.78,6.39,papaya
46.4,56.26,45.9,6.48,papaya
55.92,58.04,55.49,8.02,papaya
48.48,58.55,43.54,6.87,papaya
57.87,54.85,50.64,6.15,papaya
45.05,48.88,55.75,7.04,papaya
52.71,56.2,39.24,6.34,papaya
48.7,60.8,60.09,7.06,papaya
47.36,59.68,47.87,6.62,papaya
52.16,65.0,50.71,6.52,papaya
47.5,68.78,52.86,7.34,papaya
35.69,62.8,53.63,6.93,papaya
33.69,65.91,51.37,7.09,papaya
55.36,62.83,54.99,6.87,papaya
55.15,67.55,52.6,6.52,papaya
58.44,68.25,58.8,6.94,papaya
48.91,63.76,52.61,7.18,papaya
42.54,62.53,59.82,6.75,papaya
46.9,57.97,54.51,7.42,papaya
49.06,58.79,40.97,7.04,papaya
43.96,57.31,63.06,6.78,papaya
57.24,62.11,47.13,6.8,papaya
60.2,55.4,57.48,6.75,papaya
51.39,58.04,50.13,6.2,papaya
48.95,47.22,55.31,6.66,papaya
42.53,67.62,46.56,6.79,papaya
56.73,57.9,53.13,6.53,papaya
49.38,61.28,48.73,6.84,papaya
47.55,66.29,57.9,6.71,papaya
51.41,60.5,52.19,7.01,papaya
46.07,66.22,54.68,6.97,papaya
49.73,52.79,39.18,6.77,papaya
41.79,70.99,49.57,6.15,papaya
54.44,64.44,52.05,7.42,papaya
48.48,60.05,51.12,6.64,papaya
54.79,66.13,54.81,6.67,papaya
47.99,53.16,48.17,6.56,papaya
48.32,57.56,50.24,6.5,papaya
42.94,66.22,55.91,7.32,papaya
52.8,49.66,38.61,7.25,papaya
44.62,61.8,52.95,6.88,papaya
46.57,61.66,48.33,6.66,papaya
49.01,68.85,45.44,6.95,papaya
49.61,51.09,51.68,6.73,papaya
40.47,67.05,56.14,6.62,papaya
47.85,56.2,55.2,6.84,papaya
52.98,56.76,49.32,6.52,papaya
47.11,52.89,54.38,6.8,papaya
47.88,53.56,54.34,6.78,papaya
49.81,61.02,49.56,6.94,papaya
48.37,53.44,46.53,6.45,papaya
43.85,62.7,46.82,6.98,papaya
48.82,55.69,54.19,6.34,papaya
53.97,52.93,49.79,6.47,papaya
43.74,56.36,44.77,6.49,papaya
47.13,60.68,41.58,6.27,papaya
42.09,57.61,54.16,7.11,papaya
53.71,59.17,47.27,6.31,papaya
48.54,62.48,51.65,6.42,papaya
44.75,64.41,56.2,7.2,papaya
49.46,57.45,43.46,6.47,papaya
42.98,53.78,49.77,6.62,papaya
43.83,59.38,49.15,6.3,papaya
41.7,61.35,51.9,7.03,papaya
25.39,16.66,30.74,6.37,coconut
24.96,13.6,36.19,4.81,coconut
24.15,13.78,24.07,5.62,coconut
22.29,15.53,26.36,5.87,coconut
19.9,15.82,41.22,6.02,coconut
18.74,14.24,28.91,5.54,coconut
27.16,17.3,22.44,4.98,coconut
25.06,8.74,27.67,5.5,coconut
19.23,13.08,18.92,5.53,coconut
22.16,14.88,30.96,5.51,coconut
20.8,12.58,33.24,6.39,coconut
17.49,22.52,26.35,5.29,coconut
22.71,16.08,28.12,6.05,coconut
20.34,16.71,33.69,5.98,coconut
18.19,14.07,23.0,6.38,coconut
16.08,15.94,24.71,5.83,coconut
15.74,11.14,29.09,6.3,coconut
20.51,15.32,26.99,5.81,coconut
21.66,12.25,28.82,6.12,coconut
18.5,14.89,24.94,5.15,coconut
24.6,5.76,30.86,4.58,coconut
21.74,11.49,29.4,6.09,coconut
24.31,21.86,32.2,6.12,coconut
21.27,19.32,30.8,6.14,coconut
18.85,21.28,30.83,5.64,coconut
22.46,21.55,24.21,6.64,coconut
16.95,18.69,31.97,5.67,coconut
24.16,14.19,28.68,6.11,coconut
18.25,11.85,29.33,6.2,coconut
25.67,20.59,34.19,6.76,coconut
20.65,16.26,27.12,5.74,coconut
26.25,25.98,35.4,5.57,coconut
17.51,14.54,35.78,5.15,coconut
19.29,23.89,33.01,6.68,coconut
23.52,15.37,26.08,6.11,coconut
26.68,21.34,21.25,6.13,coconut
28.67,22.79,34.32,7.46,coconut
22.17,11.91,30.45,6.06,coconut
29.35,14.06,27.02,5.25,coconut
20.84,11.87,34.69,5.8,coconut
26.4,11.08,26.55,5.41,coconut
18.23,18.67,28.3,5.7,coconut
23.68,15.21,32.1,5.7,coconut
12.63,16.21,25.55,5.61,coconut
17.51,18.22,29.56,5.2,coconut
23.87,8.57,34.36,6.7,coconut
16.75,21.15,30.84,6.05,coconut
23.71,14.6,34.99,5.79,coconut
25.63,18.13,34.53,6.28,coconut
19.99,18.48,30.03,6.14,coconut
18.12,21.48,20.65,6.04,coconut
20.1,15.58,25.58,6.24,coconut
18.14,7.51,33.05,5.97,coconut
21.6,16.23,23.8,6.24,coconut
22.41,16.8,28.69,6.28,coconut
20.78,11.86,31.35,5.98,coconut
28.7,16.59,35.88,5.79,coconut
19.12,14.56,27.7,6.67,coconut
27.57,10.63,27.43,5.66,coconut
17.84,18.69,29.79,6.1,coconut
22.29,13.75,31.4,6.11,coconut
26.73,14.37,29.38,5.6,coconut
26.53,14.15,34.2,5.5,coconut
20.32,20.94,26.8,5.72,coconut
24.22,15.84,30.48,5.65,coconut
23.68,16.32,31.78,5.17,coconut
19.84,14.24,28.4,5.57,coconut
24.46,17.85,33.36,6.03,coconut
29.45,21.4,30.6,6.53,coconut
23.89,18.59,33.16,6.18,coconut
24.27,18.75,30.78,4.6,coconut
24.69,18.42,31.51,6.22,coconut
16.16,10.48,27.47,5.62,coconut
23.84,12.5,27.48,6.13,coconut
17.93,15.18,34.9,5.89,coconut
19.64,13.1,32.54,5.8,coconut
30.65,11.74,25.91,5.85,coconut
20.99,8.51,30.72,5.89,coconut
19.04,10.61,20.5,6.57,coconut
26.61,14.97,27.7,5.89,coconut
18.21,15.72,33.84,6.44,coconut
20.21,12.83,29.5,6.37,coconut
27.0,16.32,30.47,6.23,coconut
22.17,14.26,17.93,5.01,coconut
15.75,20.36,28.43,6.46,coconut
24.18,15.35,31.35,5.67,coconut
20.41,18.79,31.86,6.26,coconut
28.16,16.81,33.85,5.41,coconut
19.58,10.39,29.16,5.31,coconut
26.2,15.64,29.34,6.89,coconut
29.1,11.06,24.67,5.42,coconut
18.6,15.57,29.18,6.47,coconut
21.23,13.02,24.95,5.96,coconut
23.55,17.53,22.61,5.69,coconut
18.57,10.63,25.66,5.88,coconut
23.08,16.06,36.03,5.25,coconut
21.1,18.29,28.92,5.89,coconut
21.02,19.63,30.88,5.36,coconut
22.2,12.94,27.95,5.7,coconut
22.29,16.07,22.84,6.36,coconut
119.53,43.45,22.25,6.69,cotton
109.11,44.88,23.88,7.24,cotton
123.11,33.89,19.42,7.33,cotton
117.96,44.49,14.49,6.69,cotton
114.75,46.46,14.54,6.6,cotton
122.48,43.95,23.44,7.2,cotton
117.0,54.78,14.96,7.13,cotton
111.01,40.19,21.57,6.34,cotton
129.09,43.18,20.46,6.45,cotton
117.9,41.48,21.51,5.89,cotton
117.51,43.18,21.89,7.14,cotton
115.57,51.16,16.27,6.8,cotton
125.08,53.39,16.1,6.84,cotton
114.85,42.5,22.86,6.22,cotton
108.73,42.38,17.48,6.46,cotton
113.93,40.21,9.0,6.71,cotton
125.96,52.53,22.6,6.63,cotton
122.99,51.61,15.85,6.95,cotton
116.47,45.47,21.87,7.13,cotton
126.24,39.02,25.57,7.81,cotton
122.49,39.47,20.07,6.89,cotton
116.4,46.85,23.98,7.35,cotton
117.0,48.75,20.62,6.57,cotton
119.98,35.67,26.35,6.23,cotton
113.01,44.39,15.75,6.76,cotton
118.03,54.09,19.97,6.26,cotton
119.85,44.91,22.69,6.91,cotton
107.88,53.45,19.24,6.59,cotton
116.86,49.25,24.61,6.12,cotton
116.18,40.58,18.27,7.59,cotton
124.17,44.54,28.28,6.68,cotton
106.93,45.36,28.49,6.24,cotton
115.71,41.24,21.13,7.26,cotton
115.11,41.15,22.21,6.61,cotton
123.76,53.53,24.77,7.34,cotton
117.74,41.11,15.25,6.61,cotton
128.78,51.39,14.75,6.68,cotton
121.97,43.82,25.03,7.04,cotton
115.54,45.87,21.1,7.14,cotton
119.44,48.81,19.09,7.21,cotton
115.88,43.01,20.04,6.86,cotton
123.16,48.84,10.46,7.11,cotton
110.01,35.77,19.24,7.2,cotton
113.06,48.2,16.99,6.98,cotton
120.73,33.66,23.67,6.84,cotton
125.35,44.87,23.98,6.32,cotton
104.79,50.27,22.31,7.14,cotton
126.25,49.11,21.58,6.92,cotton
117.16,39.51,14.01,6.73,cotton
106.7,40.15,22.36,7.41,cotton
99.99,42.56,22.52,6.33,cotton
108.82,46.93,24.98,7.56,cotton
117.88,35.84,28.47,6.89,cotton
117.6,45.93,13.23,7.03,cotton
121.8,47.56,18.45,6.74,cotton
114.7,44.58,17.03,6.23,cotton
111.35,48.63,20.69,6.84,cotton
115.52,47.12,20.05,7.03,cotton
118.2,43.29,19.06,7.17,cotton
119.38,36.32,24.11,6.82,cotton
113.27,46.67,15.59,6.02,cotton
123.41,41.23,15.84,6.28,cotton
114.27,43.11,15.9,7.72,cotton
112.78,48.4,18.56,6.46,cotton
114.75,53.09,15.09,7.47,cotton
124.45,45.81,19.81,6.53,cotton
117.2,48.77,19.34,6.83,cotton
113.83,38.78,16.85,7.15,cotton
123.56,47.23,23.5,6.57,cotton
130.86,45.7,19.76,7.54,cotton
119.26,52.15,24.25,6.93,cotton
125.4,43.3,19.22,7.08,cotton
124.22,44.79,19.9,6.79,cotton
114.37,51.29,17.75,7.16,cotton
118.16,45.54,19.97,7.53,cotton
110.3,40.46,22.85,6.85,cotton
116.77,58.76,18.35,7.59,cotton
114.24,40.61,22.07,6.66,cotton
115.58,45.68,16.75,7.21,cotton
113.5,47.73,23.04,7.1,cotton
116.28,47.34,17.68,6.47,cotton
121.19,45.05,23.41,6.99,cotton
117.28,45.08,20.24,6.9,cotton
106.81,44.83,26.08,6.56,cotton
113.52,40.42,15.38,7.04,cotton
108.88,56.75,14.1,6.96,cotton
119.46,44.9,17.54,6.87,cotton
121.02,48.98,14.46,6.87,cotton
119.54,44.33,14.47,6.86,cotton
113.28,44.23,22.49,6.75,cotton
119.48,43.72,19.98,6.96,cotton
115.18,38.25,18.08,6.64,cotton
111.17,45.2,18.45,7.96,cotton
122.45,43.96,17.61,6.34,cotton
122.91,51.86,26.6,6.67,cotton
123.69,40.02,17.06,6.7,cotton
114.35,43.11,14.71,7.72,cotton
125.08,41.51,23.18,6.37,cotton
115.04,53.21,19.14,7.07,cotton
121.92,41.65,28.16,7.0,cotton
80.0,52.24,41.84,7.14,jute
85.42,45.21,31.49,6.46,jute
85.29,39.96,42.49,6.93,jute
75.29,52.69,35.9,6.83,jute
79.16,45.75,46.4,6.14,jute
66.82,37.37,38.24,6.91,jute
78.59,49.56,34.38,6.13,jute
73.24,51.13,40.38,6.95,jute
76.88,33.87,35.42,6.5,jute
67.89,41.88,46.34,6.7,jute
80.43,45.45,40.0,6.18,jute
67.82,49.67,39.24,6.75,jute
78.89,43.42,42.96,7.07,jute
70.64,41.84,34.98,6.38,jute
72.9,49.64,33.55,6.46,jute
84.93,43.66,42.04,6.88,jute
81.53,48.71,34.5,6.89,jute
84.9,40.44,34.5,5.73,jute
87.36,39.24,44.18,7.51,jute
73.36,49.78,42.63,6.91,jute
86.99,47.26,33.73,6.98,jute
69.21,50.61,36.9,6.64,jute
82.48,43.34,35.48,5.96,jute
75.04,42.02,48.88,6.97,jute
72.42,52.8,44.53,6.47,jute
81.69,38.39,37.9,6.92,jute
83.67,52.26,42.88,6.61,jute
83.49,52.6,33.22,6.8,jute
79.29,50.3,36.64,6.39,jute
78.79,42.56,40.52,7.05,jute
81.16,41.92,42.26,6.22,jute
79.82,44.95,39.51,7.6,jute
81.25,39.52,41.24,7.6,jute
79.22,41.19,40.39,7.35,jute
83.06,49.22,39.18,7.21,jute
68.24,49.25,38.52,6.67,jute
77.21,40.75,37.87,7.17,jute
69.7,49.38,41.16,6.66,jute
79.66,48.27,42.05,6.08,jute
87.85,53.55,40.99,7.3,jute
75.16,48.85,34.11,7.15,jute
78.76,51.29,35.01,6.69,jute
82.54,48.39,41.99,6.21,jute
65.59,50.9,47.36,6.47,jute
74.87,39.56,40.76,5.97,jute
80.19,45.39,37.94,7.08,jute
60.62,45.81,41.12,6.06,jute
72.14,44.78,34.32,6.81,jute
84.61,48.22,46.54,6.36,jute
84.02,49.17,40.93,6.13,jute
80.25,47.96,36.65,6.8,jute
83.29,45.12,39.17,6.57,jute
79.29,42.32,37.36,7.04,jute
81.33,51.49,46.56,6.19,jute
76.11,47.75,38.99,6.4,jute
78.69,40.91,40.78,5.74,jute
74.21,45.03,42.87,5.83,jute
85.58,37.28,36.3,7.42,jute
87.13,46.18,40.97,7.53,jute
86.28,45.01,41.37,6.74,jute
75.55,43.13,32.23,6.37,jute
72.28,53.92,41.26,6.58,jute
85.66,40.22,39.77,7.05,jute
81.26,49.53,40.65,6.49,jute
79.97,56.93,40.18,6.8,jute
74.2,51.39,41.3,6.69,jute
80.55,45.84,46.69,6.47,jute
71.49,40.33,34.1,6.49,jute
81.8,39.19,38.29,6.82,jute
86.27,43.94,43.33,6.31,jute
87.79,42.56,42.4,6.88,jute
82.25,42.4,42.3,6.51,jute
69.71,44.37,53.77,6.75,jute
79.18,45.49,43.07,7.25,jute
90.84,48.43,45.65,6.63,jute
72.79,39.81,38.46,7.07,jute
77.64,42.59,35.04,5.98,jute
86.48,45.2,38.43,6.51,jute
81.7,45.02,43.56,6.71,jute
92.88,55.18,42.03,7.47,jute
73.6,47.16,42.02,5.92,jute
72.06,37.93,38.93,6.66,jute
85.34,48.09,38.13,7.28,jute
70.82,48.73,39.1,6.39,jute
76.82,45.37,43.62,6.61,jute
77.61,39.93,44.2,6.83,jute
84.22,54.79,34.97,6.77,jute
81.69,40.65,43.81,7.33,jute
80.74,49.3,36.75,6.88,jute
75.59,47.0,42.34,7.23,jute
85.29,49.0,39.04,6.56,jute
102.15,54.53,47.83,6.4,jute
82.15,48.81,37.91,6.61,jute
78.6,43.21,40.89,6.24,jute
70.21,51.53,43.03,6.89,jute
74.18,42.84,35.63,6.55,jute
76.72,46.82,39.64,6.43,jute
74.79,39.53,38.67,6.9,jute
77.9,40.83,37.43,6.24,jute
88.67,46.26,37.8,7.01,jute
98.13,28.14,31.61,6.14,coffee
107.95,28.84,33.3,6.21,coffee
98.64,24.99,27.78,6.7,coffee
104.79,22.21,29.76,7.18,coffee
102.08,23.49,34.65,6.46,coffee
105.46,28.2,25.59,6.51,coffee
101.66,26.83,37.22,6.61,coffee
91.02,22.12,24.64,6.93,coffee
107.05,27.85,28.62,6.51,coffee
100.47,26.73,26.2,6.49,coffee
105.74,23.31,38.75,6.16,coffee
105.14,26.52,27.99,6.47,coffee
96.36,26.72,28.0,7.17,coffee
95.51,25.53,28.52,6.74,coffee
104.93,31.71,30.38,6.4,coffee
99.18,20.39,28.69,7.19,coffee
106.62,20.06,29.47,6.47,coffee
99.93,28.01,15.88,7.27,coffee
107.14,28.38,30.23,7.26,coffee
103.54,29.62,30.07,6.72,coffee
102.73,25.84,34.15,6.1,coffee
98.76,24.33,35.24,7.62,coffee
102.39,27.97,29.25,6.85,coffee
108.16,26.23,33.26,6.57,coffee
100.67,34.2,25.59,7.08,coffee
104.19,26.7,33.07,6.98,coffee
101.28,27.79,27.71,7.22,coffee
101.75,37.9,25.26,6.44,coffee
111.34,27.22,29.26,6.83,coffee
108.21,30.22,35.6,6.23,coffee
101.48,30.59,30.72,6.97,coffee
102.29,30.93,35.99,6.69,coffee
96.79,29.16,27.01,6.81,coffee
99.96,28.78,34.19,6.64,coffee
102.86,28.4,27.39,6.6,coffee
106.1,25.7,30.9,6.35,coffee
105.5,29.3,30.87,7.02,coffee
94.34,36.11,32.65,7.3,coffee
106.86,32.84,31.0,6.48,coffee
100.47,29.22,27.04,6.92,coffee
95.08,31.42,33.52,6.87,coffee
109.02,24.52,36.93,6.7,coffee
109.78,26.96,27.66,6.09,coffee
102.58,31.79,22.66,6.18,coffee
105.25,33.95,32.0,6.39,coffee
105.6,24.92,28.68,5.84,coffee
109.37,26.07,29.48,7.26,coffee
105.37,36.73,32.22,6.85,coffee
93.03,28.39,28.17,6.69,coffee
113.06,35.29,28.92,5.82,coffee
107.39,28.83,29.6,5.97,coffee
97.94,28.98,35.88,6.7,coffee
94.82,26.78,30.12,7.49,coffee
104.03,31.77,25.06,6.42,coffee
99.33,33.43,25.22,7.05,coffee
102.98,23.86,30.56,6.51,coffee
105.46,26.59,25.48,6.72,coffee
97.6,31.66,23.75,7.19,coffee
94.3,27.48,32.54,6.56,coffee
103.31,26.03,32.74,6.42,coffee
97.8,32.04,28.53,7.27,coffee
101.88,32.41,31.17,6.72,coffee
92.94,26.2,30.75,7.14,coffee
99.49,28.85,32.41,6.43,coffee
105.29,23.17,32.42,7.26,coffee
104.64,24.42,19.58,6.81,coffee
96.27,28.5,29.04,6.87,coffee
93.99,28.13,32.07,6.75,coffee
101.09,24.13,28.36,6.5,coffee
104.37,25.14,30.14,6.7,coffee
103.43,23.74,33.0,6.52,coffee
97.93,29.82,30.32,7.08,coffee
102.79,20.13,36.03,6.62,coffee
110.01,23.95,34.51,6.1,coffee
102.23,20.55,29.53,6.03,coffee
91.2,29.68,29.21,6.01,coffee
102.22,20.79,18.6,6.95,coffee
113.26,28.13,28.69,6.24,coffee
93.28,34.56,24.59,6.82,coffee
101.18,34.69,30.88,6.75,coffee
99.64,20.78,30.61,6.67,coffee
101.58,29.19,32.78,6.88,coffee
102.17,24.04,35.59,6.76,coffee
107.84,23.23,29.89,5.62,coffee
101.51,27.55,39.12,6.57,coffee
108.66,32.91,30.93,6.87,coffee
100.29,30.4,24.76,7.36,coffee
98.9,25.14,27.75,7.37,coffee
96.98,30.82,28.51,6.15,coffee
90.1,19.03,32.37,6.56,coffee
102.65,24.99,26.21,6.07,coffee
113.32,24.7,28.81,7.31,coffee
103.75,28.31,29.36,7.11,coffee
105.12,27.19,28.21,6.84,coffee
98.52,27.43,33.25,6.77,coffee
99.53,27.3,32.57,7.25,coffee
106.91,28.09,34.67,7.18,coffee
113.05,30.16,28.68,7.16,coffee
109.93,28.6,34.81,6.88,coffee
105.83,26.86,24.54,6.56,coffee
